"게시물 ID","계정 ID","계정 사용자 이름","계정 이름",설명,기간(초),"게시 시간","고유 링크","게시물 유형","데이터 댓글",날짜,조회,도달,좋아요,공유,팔로우,댓글,저장
18153672520445864,17841407667602671,llatrof_lab,"LLATROF LAB","니트 티셔츠처럼 걸어서 보관하나요?

니트는 생각보다 무거운 옷입니다.

옷걸이에 계속 걸어두면
어깨와 목은 늘어납니다.

한 번 늘어난 니트는 다시 돌아오지 않습니다.

니트는 반으로 접은 후
겨드랑이 부분에 옷걸이를 놓아두세요.

몸통 부분과 팔을 그대로 내리면 끝입니다.

니트는 입는 시간보다
보관하는 시간이 더 깁니다.",24,"03/04/2026 00:30",https://www.instagram.com/reel/DVdLQ9GEigp/,"Instagram 릴스",,"전체 기간",2212,2006,11,0,5,0,12
18108115595036985,17841407667602671,llatrof_lab,"LLATROF LAB","오늘은 금요일입니다.

한 주를 마무리하고 주말을 기대하며
퇴근하는 길입니다.

집 가는 길에 꽃집이 있다면
한 송이 사보는 건 어떠신가요?

마침 8월은 해바라기가 가장 예쁠 때입니다.
그리고 해바라기의 꽃말은 ‘희망’으로 
선물하기도 참 좋습니다.

특별한 날이 아니어도 됩니다.

그냥 오늘 이유 없이 건네는 꽃 한 송이가
더 기억에 남습니다.

이번 한 주도 
나를 걱정해주었던 여자친구, 와이프, 어머니에게
꽃 한 송이로 고마움을 표현해 보세요.

꽃이 아니라 그 순간을 오래 기억할 것입니다.

멋있는 남자는 거창한 것이 아닙니다.
나를 진정으로 걱정해주는 사람을 챙기는 것입니다.

당신의 행복한 일상을 위해",0,"08/14/2026 00:02",https://www.instagram.com/p/DcAuvFrFcR4/,"Instagram 슬라이드",,"전체 기간",2259,1203,18,10,0,0,7
17923137252182423,17841407667602671,llatrof_lab,"LLATROF LAB","초복, 중복 못 챙겼다면
말복만큼은 꼭 챙기세요

복날은 장차 일어나고자 하는 음기가 
양기에 눌려 엎드려 있는 날이라는 뜻입니다.

가을의 기운이 내려오다가 여름철의 더운 기운에
일어서지 못하고 엎드려 복종한다는 의미로 
엎드릴 복(伏)자를 사용해 복날이라고 합니다.

초복부터 말복까지 삼복더위 동안
옛날부터 보양식을 챙겨 더위를 이겨내곤 했습니다.

마지막 복날인만큼 보양식과 함께
더위의 막바지를 이겨내보는 건 어떠신가요?

가장 대표적인 보양식은 삼계탕입니다.
닭에 인삼, 대추, 찹쌀 등을 넣고 끌여 
더위로 떨어진 체력을 보충해줍니다.

삼계탕을 식당 가서 먹기엔 가격이 부담스럽다면
요즘은 밀키트로도 잘 나오니 꼭 챙겨보세요.

무더위가 끝나가는 길목이지만 
체력이 떨어지기 쉬우니 잘 챙겨먹어야 합니다.

잘 먹어야 잘 버팁니다.",0,"08/13/2026 00:09",https://www.instagram.com/p/Db-KnViHUJW/,"Instagram 슬라이드",,"전체 기간",1798,858,9,2,0,0,6
18121690171886000,17841407667602671,llatrof_lab,"LLATROF LAB","바버샵 한 번쯤은 들어보거나 
거리에서 본 적이 있을 겁니다.

바버(Barber)는 이발사를 뜻하며
쉽게 말하면 바버샵은 남성 이발소입니다.

클래식하고 앤틱한 인테리어
스피커에서 나오는 잔잔한 음악
공간을 채우는 남자의 향까지

들어서는 순간부터 분위기가 다릅니다.

바버샵은 들어섬과 동시에 나만을 위한 시간입니다.
서두르지 않고 천천히 한 사람에게 온전히 집중합니다.

샴푸, 헤어컷, 면도, 스타일링
모든 것이 정성스럽게 이루어집니다.

끝나고 거울을 보면 작은 디테일들이 모여 
인상 자체가 바뀐 것을 느낄 수 있습니다.

바버샵은 모든 요소가 남자의 낭만을 자극합니다.

아직 한 번도 가보지 않았다면
이번 달 머리는 바버샵에서 정리해 보세요.

남자의 낭만을 위해",0,"08/12/2026 00:15",https://www.instagram.com/p/Db7mpgQGVW6/,"Instagram 슬라이드",,"전체 기간",2998,1643,23,4,0,0,13
18385708162166495,17841407667602671,llatrof_lab,"LLATROF LAB","라트로프 첫 셔츠를 기획하면서
처음부터 직원들과 의견이 갈렸습니다.

포멀하게 가야 한다 vs 캐주얼하게 가야 한다

포멀 셔츠를 원하는 쪽은 말했습니다.
출근용으로 단정하게 입을 수 있어야 하고
그 분야의 전문가처럼 보여야 한다고

캐주얼 셔츠를 원하는 쪽은 말했습니다.
일상에서 편하게 입을 수 있어야 하고
미팅, 데이트 등 언제 어디서든 자연스러워야 한다고

둘 다 맞는 말이었습니다.
그래서 둘 중 하나를 포기할 수 없었습니다.

결국 답은 라트로프가 생각하는
가장 단정한 캐주얼 셔츠
가장 캐주얼한 포멀 셔츠였습니다.

이게 라트로프 첫 셔츠의 기준이 되었습니다.

포멀함은 남기고 부담은 줄인 셔츠
단정함과 편안함 사이 균형을 찾기 위해 
계속 수정하고 있습니다.

특별한 날만 입는 셔츠가 아닌
가장 많이 손이 가는 셔츠를 만듭니다.

더 나은 일상을 위해",0,"08/11/2026 00:33",https://www.instagram.com/p/Db5D02lGbmy/,"Instagram 슬라이드",,"전체 기간",1974,1107,16,1,2,0,15
18079023662693900,17841407667602671,llatrof_lab,"LLATROF LAB","내 지갑이 이 상태라면 바꿀 때입니다. 

지갑은 매일 꺼내는 물건입니다.
버스를 탈 때, 편의점을 갈 때 
하루에도 여러번 꺼냅니다.

하지만 정작 언제 지갑을 교체해야 할지 
모르는 경우가 많습니다.

첫 번째, 가죽이 갈라지거나 벗겨질 때

낡은 지갑이 꺼내질 때 아무리 깔끔하게 입어도
그 사람의 인상은 지갑으로 결정됩니다.

두 번째, 지갑에 카드 모양대로 튀어 나왔을 때

카드나 내용물을 많이 넣으면 
가죽은 늘어나거나 형태가 변형됩니다.
가죽은 한 번 늘어나면 복구가 거의 어려워서 
교체하는 것이 좋습니다.

세 번째, 위생상 안전을 위해서는 1년을 권장합니다.

하지만 비싼 지갑을 샀는데 
1년만에 바꾸는 것은 거의 불가능합니다.
땀, 지폐의 먼지 등이 그대로 흡착되기 때문에
주기적으로 소독을 해주는 것이 좋습니다.

지갑은 월 1회 정도 가죽 전용 클리너로 닦아주세요.
이후에는 가죽 전용 컨디셔너로 가죽의 유분을 보충해
갈라짐을 방지하고 광택을 유지해 주세요.

그리고 영수증은 최대한 지갑에 넣지 말고
카드는 사용하는 것만 지갑에 넣어두세요.

큰 맘 먹고 산 명품 지갑
소중한 사람이 선물해준 지갑

지갑은 생각보다 많은 의미를 가지고 있습니다.
소중한 지갑 오래오래 사용할 수 있게 꼭 관리하세요.

소중함과 추억을 오랫동안 간직할 수 있게",0,"08/10/2026 00:17",https://www.instagram.com/p/Db2dM-GGav1/,"Instagram 슬라이드",,"전체 기간",5244,3450,27,6,0,0,24
18146106568530147,17841407667602671,llatrof_lab,"LLATROF LAB","오늘 드디어 금요일입니다.
이번 주말은 어떻게 보내실 건가요?

독일의 산업심리학 연구에서는
주말을 잘 보낸 사람일수록 
월요일 업무 몰입과 컨디션이 더 좋았습니다.

쉬는 것보다 잘 회복하는 것이 중요했습니다.

쉬는 것과 아무것도 안 하는 것은 다릅니다.
진짜 휴식은 다음 주를 기대하게 만듭니다.

주말 오전에는 몸부터 움직여 보세요.
헬스도 좋고, 산책도 좋습니다.

최근 연구에서도 운동과 휴식이 같이 진행될 때
월요일 기분 회복 효과가 더 크게 나타났습니다.

오후에는 그동안 해보고 싶었던 것 하나를 시작해 보세요.

새로운 카페를 찾아가거나, 요리를 하거나
읽고 싶었던 책을 펼쳐도 좋습니다.

연구에서는 이렇게 일과 다른 활동에서 
작은 성취감을 얻는 것을 ‘숙달 경험’이라고 부릅니다.

일요일 저녁에는 이번 주에 남아있는 일을 정리해 보세요.

모든 일을 끝낼 필요는 없습니다.
좋았던 일 하나, 아쉬웠던 일 하나
다음 주 가장 먼저 할 일 하나만 적어보세요.

연구에 따르면 미완성된 일이 있으면 
진짜 쉬기 어렵다고 합니다.

반대로 할 일을 정리해두는 것만으로도 
심리적으로 안정이 됩니다.

좋은 주말은 침대에서 뒹굴거리는 주말이 아닙니다.
몸을 움직이고, 새로운 것을 경험하고
다음 한 주를 가볍게 정리하는 것

더 나은 월요일은 주말에 만들어집니다.

이번 주도 수고 많으셨고 
다음 주도 파이팅입니다.",0,"08/07/2026 01:30",https://www.instagram.com/p/Dbu3PxVEY-y/,"Instagram 슬라이드",,"전체 기간",2221,1029,22,1,0,0,25
18208687870355569,17841407667602671,llatrof_lab,"LLATROF LAB","위스키
당신의 방식으로 마시는 것이 정답입니다.

위스키는 마시는 방법에 따라 맛이 완전히 다릅니다.
같은 위스키라도 어떻게 마시느냐가 중요합니다.

1. 니트

아무것도 넣지 않고 그대로 마시는 방법입니다.
위스키 본연의 향과 맛을 가장 직접적으로 느낄 수 있습니다.
처음엔 속이 타는 것 같지만 천천히 음미하면 깊은 풍미가 올라옵니다.

2. 온더락

얼음을 넣어 마시는 방법입니다.
얼음이 녹으면서 위스키가 희석되고 
온도가 낮아지면서 부드러워집니다.

3. 하이볼

위스키에 탄산수를 섞어 마시는 방법입니다.
가장 가볍고 청량하게 즐길 수 있습니다.
위스키가 처음이라면 쉽게 즐길 수 있는 방법입니다.

정답은 없습니다.
오늘 기분에 맞는 방법으로 즐기세요.

더 나은 일상을 위해",0,"08/06/2026 01:30",https://www.instagram.com/p/DbsSc0kAR8k/,"Instagram 슬라이드",,"전체 기간",4195,4275,44,2,7,0,27
18100472696618767,17841407667602671,llatrof_lab,"LLATROF LAB","남자들이 나이 들어서 가장 후회하는 
피부 관리 습관

남자들이 선크림을 안 바르는 이유는 비슷합니다.
귀찮고, 끈적이고, 당장 달라지는 것이 없기 때문입니다.
하지만 자외선은 당장 흔적을 남기지 않습니다.

자외선은 피부 노화를 앞당기는 주요 원인 중 하나입니다.
피부 속 콜라겐과 탄력 구조에 반복적으로 손상을 주고
시간이 지나면 주름, 처짐, 기미, 색소침착을 만듭니다.

끈적거리는 것이 싫다면 가벼운 제품을 바르면 됩니다.

에센스나, 젤 타입은 끈적거리고 번들거리지 않습니다.
산뜻하게 마무리되는 제품을 선택해 보세요.

중요한 것은 명품 브랜드, 비싼 제품이 아닌
매일 부담 없이 손이 가는 제품입니다.

선크림은 지금의 주름을 지우는 것이 아니라
나중에 생길 주름을 막아줍니다.

멋있는 남자는 보이지 않을 때부터 관리합니다.

더 나은 남자가 되기 위해",0,"08/05/2026 01:30",https://www.instagram.com/p/DbptqPSiRF8/,"Instagram 슬라이드",,"전체 기간",3280,1547,19,7,0,0,22
18064734008724637,17841407667602671,llatrof_lab,"LLATROF LAB","키가 180cm 후반이라 슬랙스를 포기했습니다.

저는 키가 180cm 후반입니다.
슬랙스 사는 것이 진짜 힘듭니다.

출근할 때 입기에는 슬랙스가 제일 좋지만
맞는 사이즈가 없습니다.

기장을 맞추면 허리가 너무 크고
허리를 맞추면 기장이 짧아서
바보 같아 보입니다.

그냥 벨트로 꽉 조이거나
수선 맡겨서 대충 맞춰서 입었습니다.
이게 당연한 거라고만 생각했거든요.

근데 아니더라고요.
키가 큰 사람 기준으로 만든 슬랙스를 찾았습니다.

허리, 기장 모든 부분이 잘 맞습니다.
벨트도, 수선도 필요 없었습니다.

문제는 제 키가 아니었습니다.
맞는 옷이 없었던 거였습니다.

라트로프는 입는 사람을 생각합니다.",30,"08/05/2026 00:31",https://www.instagram.com/reel/Dbpm58diknI/,"Instagram 릴스",,"전체 기간",4786,4469,10,0,2,0,12
18107129311969800,17841407667602671,llatrof_lab,"LLATROF LAB","아저씨 소리 들어본 적 있으신가요?

어느 순간부터 아저씨라는 말을 듣기 시작합니다.
처음엔 당황스럽고 기분이 묘합니다.

그런데 생각해 보면
단순히 나이가 들어서 아저씨로 보이는 것이 아닙니다.

문제는 관리를 하는지입니다.
관리를 멈추는 순간 사람은 급격히 나이 들어 보입니다.

관리하는 40대는 20대보다 더 멋있을 수 있습니다.
체형, 스타일, 자기관리 모두 노력하면 달라집니다.

멋있는 사람들의 공통점은 단순합니다.

체형에 잘 맞는 깔끔한 옷
정리된 피부와 헤어스타일
바른 자세

나이는 누구나 먹습니다.
하지만 멋은 끝까지 선택할 수 있습니다.",0,"08/04/2026 01:30",https://www.instagram.com/p/DbnI3TjAYOq/,"Instagram 슬라이드",,"전체 기간",2914,1693,8,3,2,0,10
18102772073236651,17841407667602671,llatrof_lab,"LLATROF LAB","호날두, 빌게이츠 
세계 최고인 사람들이 신경쓰는 것

호날두는 하루에 한 번 길게 자지 않습니다.
90분씩 5번, 총 7시간 30분을 나눠 잡니다.

다상수면이 모두에게 맞는 방법은 아닙니다.
수면을 훈련만큼 중요하게 관리한다는 것이 포인트입니다.

빌게이츠는 수면 7시간을 철칙으로 지킵니다.
잠자리에 들기 전 1시간은 휴대폰이 아닌 반드시 책을 읽습니다.
수면이 부족하면 창의력과 판단력이 떨어진다고 직접 말했습니다.

운동선수든 기업인이든 공통점이 있습니다.
한 분야에서 최고를 찍은 사람들은
수면을 관리의 영역으로 다룬다는 것입니다.

수면이 부족하면 집중력이 떨어지고 판단력이 흐려집니다.
다음 날의 성과는 전날 밤에 결정된다는 것입니다.

호날두, 빌게이츠의 수면법을 따라하라는 것이 아닙니다.

매일 같은 시간이 자고 일어나는 것
자기 전 스마트폰을 멀리하는 것

자신만의 루틴을 만드는 것입니다.

이런 루틴들이 모여 
당신은 최고에 더 가까워집니다.",0,"08/03/2026 01:30",https://www.instagram.com/p/DbkkENDjGGu/,"Instagram 슬라이드",,"전체 기간",3830,6859,35,10,0,0,38
18111722374760741,17841407667602671,llatrof_lab,"LLATROF LAB","알고 있지만 놓치기 쉬운
남자의 첫인상을 만드는 것들

말 한마디 하기 전에
첫인상은 빠르게 결정됩니다.

올바른 자세는 그 사람의 자신감을

정돈된 스타일은 그 사람의 성실함을

깨끗한 신발은 그 사람의 깔끔함을

정리된 헤어는 그 사람의 디테일을

좋은 향은 그 사람의 감각을

첫인상은 타고나는 것이 아닙니다.
만들어 가는 겁니다.

멋있는 남자가 되어가는 과정입니다.",29,"07/31/2026 01:30",https://www.instagram.com/reel/Dbc1sKKgcJ3/,"Instagram 릴스",,"전체 기간",9072,7729,15,0,6,0,5
18111165178964888,17841407667602671,llatrof_lab,"LLATROF LAB","키 크고 마른 남자가 바지 사면 생기는 일

키가 크고 마른 체형이라면
바지 고르기가 더 어렵습니다.

허리에 맞추면 길이가 너무 짧고 
길이에 맞추면 허리, 힙, 허벅지 모두 커 
펄럭이게 됩니다.

핏도 마찬가지입니다.

슬림핏을 입으면 다리는 더 가늘어 보이고 
상체를 과하게 넓어 보이게 만듭니다.

와이드를 입으면 옷에 파묻혀 
상하의 비율을 무너뜨리는 느낌입니다.

키 크고 마른 체형이라 고민이라면
레귤러 스트레이트나 와이드 테이퍼드 핏을 골라보세요.

넓은 하체에 적당한 부피감을 주어
상체와의 너비 균형을 맞추는 것이 
스타일링의 핵심입니다.

말랐다고 해서 무조건 딱 맞게 입거나 가리지 마세요. 
단점을 커버할 수 있는 핏이 중요합니다.

더 나은 일상을 위해",0,"07/30/2026 01:30",https://www.instagram.com/p/DbaQ4uCD5T0/,"Instagram 슬라이드",,"전체 기간",4008,14806,27,10,5,0,22
17969934896932514,17841407667602671,llatrof_lab,"LLATROF LAB","각진 턱이라면 꼭 피해야 할 헤어스타일

턱이 각지면 같은 가로, 세로 길이더라도 
얼굴이 더 커보입니다.

그래서 헤어스타일 선택이 더 중요합니다.

가장 먼저 피해야 할 건 일자 앞머리입니다.
앞머리가 일자로 내려오면 얼굴 가로폭이 강조되어
턱의 각진 느낌이 더 두드러집니다.

옆과 뒤를 너무 짧게 미는 스타일도 피해야 합니다.
턱선이 그대로 드러나면서 각진 부분이 강조됩니다.

너무 남성적인 인상을 강조하고 싶지 않다면
옆머리를 적당한 길이로 남겨주세요.
턱선이 덜 부각되어 얼굴이 한층 균형 있어 보입니다.

볼륨 없이 납작하게 눌린 스타일도 피해야 합니다.
얼굴 가로폭이 넓어 보이고 세로 길이가 짧아보여
턱이 더 부각됩니다.

대신 이마를 드러내 주세요.
이마가 보이면 얼굴의 세로 비율이 길어져
각진 턱으로 넓어 보이던 인상이 자연스럽게 완화됩니다.

장발이라면 이마는 드러내고 
옆머리로 얼굴 측면을 감싸주면
폭이 좁아 보이고 세로 비율은 더 강조됩니다.

직선적이고 남성적인 매력을
장점으로 살리는 것이 중요합니다.

더 나은 남자가 되기 위해",0,"07/29/2026 01:30",https://www.instagram.com/p/DbXsFw7iQ1I/,"Instagram 슬라이드",,"전체 기간",4713,10026,35,81,2,0,46
18101257859048171,17841407667602671,llatrof_lab,"LLATROF LAB","여름 옷은 소재 선택이 중요합니다.

여름 옷은 디자인도 중요하지만 꼭 봐야할 것이 있습니다.
같은 반팔이라도 무엇으로, 어떻게 만들었는지에 따라
시원함과 내구성이 달라집니다.

1. 소재

린넨 : 통기성이 가장 뛰어난 여름 대표 소재
면 : 부드럽고 흡습성이 좋아 데일리로 입기 좋음
폴리에스터 : 건조가 빠르고 구김이 적어 관리가 편함

1. GSM(㎡당 원단 무게) 

GSM으로 원단의 두께감을 가늠할 수 있습니다.
일반적으로 GSM 이 높을수록 더 두껍고 탄탄합니다.

여름 티셔츠는 너무 얇으면 비침이 있고
너무 두꺼우면 덥게 느껴질 수 있습니다.

160~180GSM정도가 비침과 시원함의 균형이 좋은 편입니다.

1. 실번수

실의 굵기를 나타내는 기준입니다.
번수가 높을수록 실이 가늘고 부드럽습니다.
단, 실번수만 높다고 좋은 옷은 아닙니다.
원단의 밀도와 조직까지 함께 봐야 합니다.

1. 원단 구조

같은 면 100%라도 조직에 따라 통기성과 촉감이 달라집니다.
평직 : 통기성이 좋아 여름 셔츠에 많이 사용
시어서커 : 피부에 달라붙지 않아 쾌적함
슬라브 : 불규칙한 질감으로 달라붙는 느낌을 줄여줌

1. 내구성

여름 옷은 자주 세탁하게 됩니다.
폴리에스터가 10~30% 혼용된 원단은 구김이 적고
건조가 빠르며 반복 세탁에도 형태 유지가 뛰어납니다.

좋은 여름 옷은 이 5가지가 함께 맞아야 합니다.
여름 옷은 결국 많이 세탁해야 하니
이번 여름에는 디자인보다 원단을 먼저 보세요.

더 쾌적한 여름을 위해",0,"07/28/2026 01:30",https://www.instagram.com/p/DbVHTYAjBzN/,"Instagram 슬라이드",,"전체 기간",10113,6918,20,0,10,0,30
18125555590739723,17841407667602671,llatrof_lab,"LLATROF LAB","대부분의 남자가 신경 쓰지 않는 헤어 디테일

옷을 잘 입어도 헤어가 정리되지 않으면
전체적인 인상이 흐트러집니다.

사람들은 정면보다 
옆모습이나 뒷모습을 볼 때가 더 많습니다.

뒷머리 잔털은 면도기로 주기적으로 정리해 주세요.
2주에 한 번만 해도 깔끔함을 오래 유지할 수 있습니다.

구렛나룻은 너무 길거나 휘어지면 지저분해 보입니다.
안전 가위로 휘어지는 부분만 다듬어 주세요.

머리를 기르고 있더라도 정리는 필요합니다.
한두 달에 한 번 미용실 방문은 해주세요.
길이는 유지하면서 깔끔함은 챙길 수 있습니다.

남자는 머리빨이라는 말이 있습니다.
미용실 갔다 왔다고 방치하지 말고
주기적으로 관리해서 좋은 인상을 남겨주세요.

디테일이 모여 전체 인상이 됩니다.",0,"07/28/2026 00:30",https://www.instagram.com/p/DbVAbdygQmo/,"Instagram 슬라이드",,"전체 기간",5511,3329,32,8,0,0,45
17869659102651850,17841407667602671,llatrof_lab,"LLATROF LAB","팔로워 2,000명이 되었습니다.

어느새 팔로워가 2,000명이 되었습니다.
처음 시작할 때는 
이 숫자가 이렇게 빨리 올 줄 몰랐습니다.

저희가 쓰는 이야기에 공감해주시는 분들이
이렇게 많을 줄 몰랐습니다.

저희의 이야기에 
다양한 반응을 남겨주신 분들 덕분입니다.

여러분의 반응 하나하나가 
저희의 다음 콘텐츠 방향이 됩니다.

앞으로도 더 나은 남자를 위한 
인사이트를 제공하겠습니다.

함께해주셔서 감사합니다.
앞으로도 라트로프는 
여러분들과 함께 나아가겠습니다.

진심으로 감사드립니다.",0,"07/24/2026 01:30",https://www.instagram.com/p/DbK0HZIjgKs/,"Instagram 슬라이드",,"전체 기간",10532,7162,19,0,6,1,5
18088540202438788,17841407667602671,llatrof_lab,"LLATROF LAB","좋은 옷을 입기 전에 이것부터 고쳐야 합니다.

옷은 잘 입는데 왜인지 핏이 안 사는 
느낌이 들 때가 있습니다.

원인은 옷이 아닐 수 있습니다.
바로 자세 때문입니다.

옷 핏이 안 사는 자세는 대표적으로 두 가지입니다.
거북목과 라운드숄더

어깨가 말려 있으면 어깨가 좁아보이고
목이 앞으로 나와있으면 목이 짧아 보입니다.

이 두 가지만 해결되면
평범한 옷이라도 꽤 괜찮습니다.

거북목이 걱정이라면 이렇게 해보세요.

- 모니터를 눈높이보다 약간 높게 맞추기
- 주기적인 휴식과 스트레칭
- 성인 남성 기준 7~8cm
성인 여성 기준 5~7cm 베개 선택

라운드숄더가 걱정이라면 이렇게 해보세요.

- 키보드, 마우스를 몸에 가까이 당겨서 사용하기
- 주기적인 휴식과 스트레칭
- 등 근육 강화하기

자세는 아무 말 하지 않아도 그 사람을 보여줍니다.
건강뿐만 아니라 첫 인상을 결정짓는 요소이기도 합니다.

더 나은 일상을 위해",0,"07/23/2026 01:30",https://www.instagram.com/p/DbIPUgcDxe3/,"Instagram 슬라이드",,"전체 기간",4365,9706,42,10,5,0,37
17998162382974723,17841407667602671,llatrof_lab,"LLATROF LAB","키 커서 불편하다고 말하면 
아무도 이해 못합니다.

키가 크면 
옷이 다 잘 어울릴 것 같다고 말합니다.
부럽다는 말도 많이 듣습니다.

근데 막상 옷을 사러 가면 현실은 다릅니다.
나에게 맞는 옷이 없습니다.

이 불편함을 말하면 돌아오는 말이 있습니다.
”그게 무슨 고민이에요. 키 크면 좋지”

키 큰 사람들만 아는 불편함이 있습니다.
공감받기 어려운 고민입니다.

키 커서 불편하다는 말, 우리는 압니다.
그 고민을 가장 가까이서 듣고 있기 때문입니다.

키 큰 남성이 타협하지 않아도 되는 옷
그것이 라트로프가 만들어가는 세상입니다.

입는 사람을 생각합니다.",27,"07/22/2026 01:30",https://www.instagram.com/reel/DbFqktiET_M/,"Instagram 릴스",,"전체 기간",7013,6223,17,5,6,0,14
18140099689513751,17841407667602671,llatrof_lab,"LLATROF LAB","첫 월급으로 완성하는 남자의 옷장

불안했던 취직 준비
힘들었던 첫 직장 생활
그 끝에 받은 첫 월급입니다.

첫 월급이 생기면 
참아왔던 것들을 사고 싶어집니다.
근데 월급은 한정되어 있고 
갖고 싶은 것이 많습니다.

비싼 브랜드보다 
오래 입을 수 있는 기본템을 사야합니다.
유행을 타지 않는 옷이 결국 더 오래 활용됩니다.

소재가 좋은 **무지 티셔츠
캐주얼과 포멀 중간의 셔츠
적당한 너비감의 슬랙스

회사, 데이트 어디에서든 괜찮은 옷을 사야합니다.

그 다음은 깔끔한 아우터 하나입니다.
신발은 무난한 로퍼를 추천합니다.

지금은 힘들겠지만
나중에 이 시절을 떠올리며 
웃을 수 있기를 바랍니다.

당신의 앞날을 응원합니다.",0,"07/21/2026 01:30",https://www.instagram.com/p/DbDFvargRt4/,"Instagram 슬라이드",,"전체 기간",5502,5912,52,6,21,0,55
18152450683496093,17841407667602671,llatrof_lab,"LLATROF LAB","옷만큼 신발도 당신의 스타일입니다.

옷은 얼룩도 지우고, 냄새도 안 나게 관리하지만
신발은 그냥 신는 경우가 많습니다.

근데 신발은 내가 생각한 것보다 많이 보입니다.
처음 만나는 자리, 미팅, 데이트에서 
시선이 자연스럽게 내려갑니다.

신발 관리는 어렵지 않습니다.
먼저 흙과 먼지를 털어내고 
부드러운 천으로 
닦아주는 것만으로도 달라집니다.

가죽 신발이라면 한 달에 한 번 
구두약으로 닦아주세요.
군대에서 군화를 닦았던 
그 기억을 살려서 닦으면 됩니다.

운동화는 세탁기보다 손으로 닦는게 좋습니다.
미지근한 물에 중성세제를 풀고 20분 정도 불린 후 
칫솔로 부드럽게 문질러 주세요.
그래야 소재가 상하지 않고 오래 유지됩니다.

더 나은 일상을 위해",0,"07/20/2026 01:30",https://www.instagram.com/p/DbAg8F5Eb8K/,"Instagram 슬라이드",,"전체 기간",3626,5710,16,8,8,1,16
18090045860092963,17841407667602671,llatrof_lab,"LLATROF LAB","옷을 버릴수록 스타일이 좋아집니다.

옷장에 옷은 많은데 
어떻게 입어야 할지 모르겠나요?

먼저 입고 다니는 옷인지 구분해 보세요.

입지 않는 옷이 많을수록 
오히려 고르기 어려워집니다.
선택지가 많으면 
결국 익숙한 것만 고르게 됩니다.

옷장 정리가 어렵다면 
이 기준으로 정리해 보세요.
1년 안에 한 번도 안 입었다면 
과감하게 버립니다.

남은 옷들끼리는 자연스럽게 어울려야 합니다.
색깔이 비슷하고 디자인이 단순할수록 
조합이 쉬워집니다.

옷이 줄어들면 
매일 아침 옷 고르는 시간도 줄어듭니다.
괜찮은 옷들만 남아있기 때문입니다.

스타일은 덜어낼수록 완성됩니다.",0,"07/17/2026 01:30",https://www.instagram.com/p/Da4yjOCjfTh/,"Instagram 슬라이드",,"전체 기간",4431,4259,29,5,13,0,38
18347002426223673,17841407667602671,llatrof_lab,"LLATROF LAB","올드머니룩이 나에게만 어색한 이유

올드머니룩을 따라 입었는데 뭔가 어색합니다.
옷은 비슷한데 느낌이 다릅니다.

첫 번째는 핏입니다.

올드머니룩은 
너무 타이트하지도 너무 오버하지도 않습니다.
몸에 자연스럽게 떨어지는 핏이 핵심입니다.

두 번째는 색깔입니다.

올드머니룩은
한 가지라도 튀는 색이 들어가면 무드가 깨집니다.
베이지, 크림, 네이비, 블랙, 차콜 
차분한 톤끼리 맞춰야 합니다.

세 번째는 액세서리입니다.

큰 로고, 화려한 장식은 어울리지 않습니다.
시계 하나 혹은 벨트 하나면 충분합니다.
벨트는 꼭 로고가 드러나지 않는 것으로 선택하세요.

디테일이 무드를 완성합니다.",0,"07/16/2026 01:30",https://www.instagram.com/p/Da2NwUwFLjB/,"Instagram 슬라이드",,"전체 기간",14283,24044,133,45,141,3,235
17885350464438329,17841407667602671,llatrof_lab,"LLATROF LAB","남자의 손이 말해주는 것들

옷을 잘 입어도 손이 거칠면 
인상이 달라집니다.
악수할 때, 물건을 건넬 때 
손은 생각보다 많이 보입니다.

남자의 손은 관리하지 않으면 
금방 티가 납니다.
건조함, 거스러미, 갈라진 손끝은 
첫인상에 영향을 줍니다.

손 관리는 어렵지 않습니다.

씻고 나서 
핸드크림 한 번만 바르는 것만으로도 달라집니다.

손톱도 중요합니다.
길거나 지저분한 손톱은 
아무리 잘 입어도 신경 쓰입니다.
짧고 깔끔하게 정리하는 것으로 충분합니다.

특히 영업직이나 미팅이 많은 분들은 
꼭 신경 써야 합니다.
악수 한 번으로 
상대방이 받는 인상이 달라질 수 있습니다.

작은 습관이 당신의 인상을 만듭니다.",0,"07/15/2026 01:30",https://www.instagram.com/p/Dazo9zXj1bI/,"Instagram 슬라이드",,"전체 기간",4590,9077,32,4,15,0,29
18083696807651526,17841407667602671,llatrof_lab,"LLATROF LAB","95kg, 68kg 둘 다 입을 수 있는 바지

키가 크다고 다 같은 체형이 아닙니다.

근육이 많은 사람, 마른 사람
허리가 큰 사람, 허리가 얇은 사람
허벅지가 큰 사람, 허벅지가 얇은 사람

같은 키라도 신체는 모두 다릅니다.

그래서 라트로프는 출시 전 테스트합니다.
190cm 95kg, 188cm, 68kg 
두 명에게 동일한 사이즈를 입혀봅니다.

두 명이 모두 딱 맞을 수는 없습니다.
두 체형에서 어디까지 자연스럽게 보일지를 
확인하기 위함입니다.

다양한 체형을 고민하고 있습니다.

좋은 기준을 만듭니다.",28,"07/15/2026 00:31",https://www.instagram.com/reel/DaziLq-jej-/,"Instagram 릴스",,"전체 기간",6610,5218,18,0,7,0,19
18415996354148843,17841407667602671,llatrof_lab,"LLATROF LAB","오래 입는 옷이 결국 더 저렴합니다.

매 시즌 새 옷을 구매합니다.
그런데 막상 옷을 입을 때는 입을 옷이 없습니다.

유행을 따라 샀기 때문입니다.
결국 또 옷을 구매하게 됩니다.

반대로 유행을 타지 않는 옷은 
매 시즌 꺼내 입을 수 있습니다.
한 번만 잘 사면 몇 년을 입습니다.

유행을 타지 않는 옷의 공통점이 있습니다.
차분한 색깔, 단순한 디자인, 좋은 소재입니다.

유행을 사면 옷장이 채워집니다.
취향을 사면 스타일이 채워집니다.

더 나은 일상을 위해",0,"07/14/2026 01:30",https://www.instagram.com/p/DaxEK0lDaYu/,"Instagram 슬라이드",,"전체 기간",3548,6267,21,11,7,0,14
18108920680961492,17841407667602671,llatrof_lab,"LLATROF LAB","라트로프가 처음은 아닙니다.

라트로프 이전에 다른 브랜드가 있었습니다.
키 큰 사람들을 위한 셀렉트샵
대중적인 키 큰 남자 쇼핑몰 ’리암(Liam)’이 있었습니다.

리암을 운영하면서 수많은 키 큰 고객들을 만났습니다.

그들의 가장 큰 갈증이었던 
‘기장’의 문제를 훌륭하게 해결해 왔습니다.

하지만 우리가 생각하는 좋은 옷은
단순히 사이즈가 맞는 옷이 아니었습니다.

그리고 수많은 고객과 이야기를 나눌수록
같은 갈증을 느끼는 사람이 많다는 것을 알게 되었습니다.

키 큰 사람에게 필요한 옷은 단순히 큰 옷이 아니라 
체형의 장점을 자연스럽게 살려주는 옷이라고 생각했습니다.

그래서 직접 만들기로 했습니다.

리암에서 얻은 경험, 고객들의 피드백을 담아
핏, 소재를 다시 고민했습니다.

화려하게 꾸미지 않아도 자연스럽게 멋있는 옷
그런 기준으로 라트로프를 만들었습니다.

더 나은 일상을 위해 
입는 사람을 생각합니다.",0,"07/13/2026 01:30",https://www.instagram.com/p/DaufX02Duby/,"Instagram 슬라이드",,"전체 기간",6842,6900,15,1,4,0,8
18069957167415347,17841407667602671,llatrof_lab,"LLATROF LAB","멋있는 남자의 취미는 다르다.

금요일 저녁
한 주를 마무리하며 술 한 잔 생각나는 날입니다.

항상 소주나 맥주였다면 
오늘은 위스키 한 잔 어떠신가요.

위스키가 처음이라면 어려울 수 있습니다.

싱글몰트, 블렌디드, 스카치, 버번 등
처음이라면 어려운 용어들이 많기 때문입니다.

처음부터 다 알 필요는 없습니다.
집 근처 마트나 편의점에서
마음에 드는 라벨, 끌리는 이름을 골라도 충분합니다.

위스키를 구매하는게 
처음이라면 이것만 딱 알고 가세요.

싱글몰트 위스키

단 하나의 증류소에서 
보리 맥아만을 이용해 만든 위스키입니다.

증류소별로 강렬하고 독특한 개성을 느낄 수 있습니다.

블렌디드 위스키

여러 증류소의 몰트 위스키와 그레인 위스키를 
섞어서 만든 위스키입니다.

부드럽고 조화로운 풍미를 느낄 수 있습니다.

위스키는 정답이 없습니다.
오늘은 가볍게 한 잔, 시작해보세요.

더 나은 일상을 위해",0,"07/10/2026 01:30",https://www.instagram.com/p/Damw_tlAYIR/,"Instagram 슬라이드",,"전체 기간",2918,1516,28,11,1,0,26
18087543782426083,17841407667602671,llatrof_lab,"LLATROF LAB","어떤 셔츠가 필요하신가요?

셔츠를 입는 이유는 사람마다 다릅니다.

편하게 걸치고 싶은 날이 있고
 단정하게 갖춰 입고 싶은 날도 있습니다.

캐주얼 셔츠
안에 이너를 입고 셔츠를 자켓처럼 걸쳐도 되고
넣어 입거나 빼고 입어도 다 잘 어울립니다.
편안한 일상에서 입기 좋습니다.

비즈니스 셔츠
미팅이 많은 회사원에게 필요한 셔츠입니다.
단정하게 넣어 입었을 때 라인이 깔끔하게 떨어집니다.
출근용으로 입기 좋습니다.

여러분에게는 어떤 셔츠가 필요하신가요?
댓글에 투표하기를 통해 알려주세요.

좋은 옷을 고민합니다.",27,"07/08/2026 23:37",https://www.instagram.com/reel/Daj_IlKJjGd/,"Instagram 릴스",,"전체 기간",3549,3636,18,0,16,0,15
18104201885121862,17841407667602671,llatrof_lab,"LLATROF LAB","여름에도 럭셔리하게
올드머니 스타일링 - 여름과 화이트

여름에도 단정하고 시원하게",0,"07/08/2026 01:30",https://www.instagram.com/p/DahnZp4DbSU/,"Instagram 슬라이드",,"전체 기간",4876,4283,20,2,16,0,43
17961664224069366,17841407667602671,llatrof_lab,"LLATROF LAB","나에게 맞는 셔츠를 고르는 기준

셔츠는 다 비슷해 보여도 
나에게 맞는 셔츠를 고르는 기준이 있습니다.

가장 먼저 봐야하는 건 어깨선입니다.
어깨가 맞지 않으면 다른 부분이 다 맞아도 
핏이 살지 않습니다.

어깨보다 어깨선이 더 내려오면 
캐주얼하고 일상적인 느낌을

어깨에 딱 맞거나 약간 여유가 있다면 
단정한 느낌을 줄 수 있습니다.

칼라 모양도 중요합니다.
목이 길거나 얼굴이 좁다면 
칼라가 너무 작으면 어색해 보입니다.

소매 길이는 손목뼈에 
살짝 닿는 정도가 적당합니다.
너무 길면 늘어진 느낌
너무 짧으면 옷이 작아 보입니다.

원단도 빼놓을 수 없습니다.
구김이 잘 가는 원단은 
하루 종일 신경 쓰이게 만들고
관리하지 않는다는 인식을 줄 수 있습니다.

셔츠는 원단과 핏이 중요합니다.

이 두 가지로 단정함이든 편안함이든 
내가 원하는 태도를 보여줄 수 있습니다.

기준을 알면 셔츠 고르는 일이 훨씬 쉬워집니다.

좋은 옷을 고민합니다.",0,"07/07/2026 01:30",https://www.instagram.com/p/DafCnC4DPy3/,"Instagram 슬라이드",,"전체 기간",3117,4532,14,0,7,0,19
17870310924628350,17841407667602671,llatrof_lab,"LLATROF LAB","라트로프에서 반바지를 만들면 어떨까요?

키 큰 사람들은 긴바지뿐만 아니라
반바지도 불편합니다.

일반적인 길이의 반바지는 너무 짧고
길이가 긴 반바지를 골라도
무릎을 덮는 정도의 애매한 길이가 됩니다.

그래서 고민하고 있습니다.
”반바지도 키 큰 체형을 기준으로 만들면 다르지 않을까?”

실제로 필요하다고 느끼시는 분들이 
얼마나 있는지 궁금합니다.

필요하다면 댓글에 숫자 ‘1’을 남겨주세요.
어떤 종류의 반바지가 필요한지 남겨주셔도 됩니다

라트로프는 여러분들의 의견이 필요합니다.

더 나은 일상을 위해",0,"07/06/2026 01:30",https://www.instagram.com/p/Dacd0Q-DWne/,"Instagram 슬라이드",,"전체 기간",5137,6347,13,3,8,2,15
18131495749610828,17841407667602671,llatrof_lab,"LLATROF LAB","좋은 옷과 괜찮은 핏은 
한 사람의 노력으로 완성되지 않습니다.

핏이 좋은 옷을 만들기 위해 
라트로프가 중요하게 생각하는 게 있습니다.

생산 전 수십 년 경력의 패턴사분과 함께
패턴을 설계합니다.

그리고 여기서 끝나지 않습니다.
조금 더 좋은 옷을 만들기 위해 
테일러샵의 테일러분께 자문을 구합니다.

패턴 전문가의 경험으로 핏의 기준을 만들고
오랜 시간 사람의 체형을 직접 다뤄온 
테일러의 디테일한 시각을 더해 
서로 다른 전문가의 노하우를 패턴에 반영합니다.

단순히 사이즈를 늘리는게 아니라 
체형에 맞게 비율을 다시 잡고 
더 나은 핏을 고민합니다.

키가 큰 사람들 중에서도 다양한 체형 모두가 
납득할 수 있는 핏을 만들기 위한 기준입니다.

좋은 핏은 우연이 아닙니다.
한 사람의 감각이 아닌 
여러 전문가의 경험과 손길이 
한 번 더 거쳐간 결과입니다.

보이지 않는 곳에서 
보이는 것을 완성합니다.",0,"07/03/2026 01:30",https://www.instagram.com/p/DaUvbY9E-mH/,"Instagram 슬라이드",,"전체 기간",5655,5407,12,0,4,0,8
17898885147332411,17841407667602671,llatrof_lab,"LLATROF LAB","여름에도 향수를 뿌린다면

향수가 가장 위험한 계절, 여름

여름에는 열기와 땀으로 
향이 훨씬 강하게 증폭됩니다.

무거운 향은 더 무겁게
진한 향은 더 진하게 느껴집니다.

여름에 피해야 할 향수 계열

우디, 머스크, 플로럴, 구어망드, 오리엔탈
따뜻하고 묵직한 느낌을 주는 계열입니다.

여름엔 열기가 향을 
더 강하게 확산시키기 때문에 피해주세요.

여름에 뿌리면 좋은 향수 계열

시트러스, 아쿠아틱
시트러스는 레몬, 유자 같이 
상큼하고 청량한 향입니다.

아쿠아틱은 물에서 느껴지는 
맑고 시원한 향입니다.
두 계열 모두 더운 날씨에 
향이 퍼져도 답답하지 않고 가볍게 느껴집니다.

시트러스나 아쿠아틱 향수들도 
여름에는 주의해야 할 점이 있습니다.

지속력이 짧은 편이라 
여러 번 뿌리는 경우가 많습니다.
여름엔 향이 확산이 잘 되는 편이니 
많이 뿌리면 결국 과해집니다.

1 ~ 2회 정도로 시작하고 
필요하면 한 번만 더 뿌려주세요.

좋은 향은 조용히 머물다 갑니다.",0,"07/02/2026 01:30",https://www.instagram.com/p/DaSKoUAEQvT/,"Instagram 슬라이드",,"전체 기간",2675,5199,27,2,6,1,23
18087418931434375,17841407667602671,llatrof_lab,"LLATROF LAB","라트로프에 곧 새로운 제품이 추가됩니다.

지금까지 라트로프는 바지에 집중했습니다.

키가 큰 사람들의 모든 체형을 커버하기 위해
바지 하나만 깊게 파고들었습니다.

그런데 고객님들의 생각은 달랐습니다.
“상의도 만들어 주시면 안 되나요?”

한 분이 아니었습니다.
많은 분들이 같은 말을 했습니다.

가을 시즌에 맞춰 셔츠가 출시됩니다.

좋은 가격, 좋은 퀄리티 
키 큰 사람이 불편하지 않은 셔츠를 만들기 위해
라트로프 직원들이 열심히 뛰어다니고 있습니다.

조금만 기다려 주세요.

Coming Soon",0,"07/01/2026 01:30",https://www.instagram.com/p/DaPl2DJCg5V/,"Instagram 슬라이드",,"전체 기간",6138,5138,9,0,7,0,10
18086876783322748,17841407667602671,llatrof_lab,"LLATROF LAB","왜 사람마다 좋아하는 스웻팬츠가 다를까요?

스웻팬츠를 고를 때도
사람마다 원하는 느낌이 다릅니다.

누군가는 가볍고 편안한 착용감을
누군가는 탄탄한 실루엣을 더 좋아합니다.

그래서 자연스럽게 
손이 가는 스웻팬츠도 달라집니다.

와이드 조거 스웻팬츠

가볍고 찰랑거리는 원단의 조거 스웻팬츠
움직임이 편하고 깔끔한 느낌을 
좋아한다면 추천합니다.

세미와이드 스웻팬츠

가볍고 찰랑거리는 원단의 세미와이드 핏 스웻팬츠
여유롭지만 부담스럽지 않은 
실루엣을 선호한다면 추천합니다.

투 턱 와이드 스웻팬츠

탄탄한 원단의 와이드 핏 스웻팬츠
볼륨감 있는 실루엣과 
묵직한 분위기를 선호한다면 추천합니다.

어떤 핏이 더 좋다고 말할 수는 없습니다.
각자 좋아하는 느낌이 다르기 때문입니다.

그래서 라트로프는 하나의 정답보다
다양한 개성을 표현할 수 있도록 고민합니다.

더 나은 일상을 위해",0,"06/30/2026 01:30",https://www.instagram.com/p/DaNBCk_DVKH/,"Instagram 슬라이드",,"전체 기간",3795,8514,8,1,5,0,8
17888080104405571,17841407667602671,llatrof_lab,"LLATROF LAB","명품 브랜드에서 
로고를 지우기 시작했다?

예전엔 옷 자체에 로고가 크게 박혀 있는 
디자인이 흔하게 보이던 시기가 있었습니다.

가슴, 등, 소매까지 브랜드의 로고가 
반복해서 들어간 옷이 인기였습니다.
멀리서도 저 옷이 어떤 브랜드인지 
알아볼 수 있어야 했습니다.

많은 사람들이 
로고 플레이가 된 옷을 입고 다녔습니다.

시간이 지날수록 희소성이 사라졌고
누구나 알아보는 로고는 
더 이상 특별하지 않았습니다.

그래서 최근에는 
다시 로고를 최대한 숨기기 시작했습니다.
로고의 크기도 줄어들고 
한 곳에만 로고를 표시했습니다.

로고가 작아진만큼 
브랜드를 표현하는 것은 소재와 핏이었습니다.
좋은 원단, 정교한 패턴이 로고 대신 
브랜드를 보여주는 방식이 되었습니다.

보여주지 않아도 알아보는 것이 
진짜 럭셔리입니다.",0,"06/29/2026 01:30",https://www.instagram.com/p/DaKcQG5CNu5/,"Instagram 슬라이드",,"전체 기간",2413,9108,27,4,4,0,16
17944589886036768,17841407667602671,llatrof_lab,"LLATROF LAB","20대 후반, 체취가 달라지는 시간

20대 후반을 넘어가면서 
체취가 달라지는 걸 느끼는 경우가 있습니다.

기분 탓이 아닙니다.

나이가 들면서 피부의 항산화 능력이 감소하고
피지 구성이 변하면서 
특유의 체취를 만드는 물질이 늘어납니다.

특히 남성에게 더 짙게 나타납니다.
지금처럼 더운 날씨에는 땀도 나면서 더 심해집니다.

매일 씻어도 체취가 난다면 
냄새의 원인인 물질이 
제대로 씻기지 않았기 때문입니다.

두피, 겨드랑이, 귀 뒤, 목덜미, 인중 등
피지가 많이 분비되는 곳은
특히 신경 써서 닦아야 합니다.

외출 후 땀이 묻은 옷은 바로 세탁하세요.
그대로 두면 옷에 배어 
체취가 더 심하게 느껴집니다.

체취는 아무도 말해주지 않지만
모두가 느끼고 있습니다.",0,"06/26/2026 01:30",https://www.instagram.com/p/DaCt3wJCNgs/,"Instagram 슬라이드",,"전체 기간",3249,7530,17,3,2,0,20
18132778723596293,17841407667602671,llatrof_lab,"LLATROF LAB","여름에도 럭셔리하게
Old Money 스타일링

여름 올드머니룩의 핵심은 두 가지입니다.
차분한 색감 그리고 자연스러운 소재

Old Money fits every season",0,"06/25/2026 01:30",https://www.instagram.com/p/DaAJD9TjJ32/,"Instagram 슬라이드",,"전체 기간",5691,6457,40,18,23,0,60
18006017618925401,17841407667602671,llatrof_lab,"LLATROF LAB","스웻팬츠에 턱을 넣었습니다.

스웻팬츠 편하고 참 좋은 바지입니다.
편한만큼 운동, 집 앞이 아니면
입고 나가기 좀 애매합니다.

라트로프 스웻팬츠에는 
턱이 들어가 있습니다.

슬랙스에 들어가는 디테일을
스웻팬츠에도 넣었습니다.

턱이 들어가면 단정하기도 하지만
여유가 생기기 때문에 힙, 허벅지가
더 편안해집니다.

라트로프 투 턱 와이드 스웻팬츠 블랙은
허리 부분만 노출되지 않으면
꽤 단정해 보입니다.

복장 규정이 
너무 엄격하지 않은 직장인이라면
출근할 때 입어도 됩니다.

편안함과 단정함 
둘 다 놓치지 않고 싶었습니다.",0,"06/24/2026 01:30",https://www.instagram.com/p/DZ9kRDTlGt3/,"Instagram 슬라이드",,"전체 기간",5209,9381,9,7,3,0,7
17963444168947905,17841407667602671,llatrof_lab,"LLATROF LAB","바지 앞에 주름, 그냥 디자인인줄 알았습니다.

바지 허리 아래에
세로로 주름이 잡혀 있는 경우가 있습니다.

이걸 턱(TUCK)라고 합니다.
턱은 단순한 디자인이 아닙니다.

허리 아래 여유분을 만들어서 
힙과 허벅지 움직임을 편하게 해줍니다.

주름 개수에 따라
노턱, 원턱, 투턱으로 나뉩니다.

노턱은 주름이 없는 형태입니다.

슬림하고 매끄러운 핏으로 
깔끔하게 입고 싶을 때 선택합니다.

원턱은 주름이 하나인 형태입니다.

힙과 허벅지에 여유가 생겨
활동하기 편하고 실루엣이 자연스럽게 잡힙니다.

투턱은 주름이 두 개인 형태입니다.

원턱보다 여유가 더 많아 활동성이 더 높고
클래식하고 개성 있는 핏을 연출합니다.

턱 하나에도 완전히 다른 스타일이 됩니다.",0,"06/23/2026 01:30",https://www.instagram.com/p/DZ6_eR-jXeY/,"Instagram 슬라이드",,"전체 기간",3894,8677,16,0,6,0,19
18225178501318441,17841407667602671,llatrof_lab,"LLATROF LAB","“핏 좋아요”
키 큰 사람에겐 믿기 어려운 말입니다.

리뷰를 아무리 읽어도 결국 모릅니다.
이 옷이 나한테 잘 맞는지

키도 체형도 없이 
“핏 좋아요”라는 말만 남아있습니다.

그래서 키 큰 사람들은 항상 운에 맡깁니다.

라트로프는 그 운을 없애고 싶었습니다.

그래서 키 큰 사람들이
불편했던 순간을 기록하고 
포기했던 이유를 물었습니다.

180cm든 190cm든 
70kg이든 90kg이든
모두가 납득할 수 있는 핏을 만들기 위해서입니다.

#라트로프",34,"06/22/2026 01:30",https://www.instagram.com/reel/DZ4asdMjKRU/,"Instagram 릴스",,"전체 기간",5949,5183,16,3,5,0,7
17956744644168575,17841407667602671,llatrof_lab,"LLATROF LAB","같은 청바지인데 시원해 보이는 사람이 있습니다.

여름에 청바지를 입었는데
왠지 더워 보인다는 말을 들은 적 있습니다.

옷 자체는 문제가 아니었습니다.
단지 색깔 때문이었습니다.

진한 인디고나 흑청 같은 경우에는
얇아도 무겁고 더워 보입니다.

반대로 연청의 경우에는
훨씬 시원해 보입니다.
같은 청바지이고 색만 다를 뿐입니다.

색이 가벼워지면 전체 코디가 시원해 보입니다.
다른 여름용 청바지를 살까 고민하지 말고
색부터 바꿔보세요.

색깔 하나만 바꾸고 
여름에도 시원해 보이는 사람이 되어 보세요.",0,"06/19/2026 01:30",https://www.instagram.com/p/DZwsSwXj3GA/,"Instagram 슬라이드",,"전체 기간",4446,6676,12,2,0,0,11
17995684214978326,17841407667602671,llatrof_lab,"LLATROF LAB","키 큰 남자들은 왜 항상 같은 옷만 입을까요?

키 큰 남자들은 보면 
항상 비슷한 옷을 입고 있습니다.

무채색, 단순한 디자인, 비슷한 핏

패션에 관심이 없어서가 아닙니다.
입고 싶은 옷은 사이즈가 맞지 않기 때문입니다.

허리가 맞으면 기장이 짧고
기장이 맞으면 허리가 너무 크고

결국 그나마 맞았던 옷만 다시 구매합니다.

선택지가 좁으니 
자연스럽게 비슷한 옷만 입고 있습니다.

키 큰 사람들은 취향의 문제가 아닌
선택지의 문제가 가장 큽니다.

키 큰 체형을 처음부터 고려해서
설계한 브랜드가 있습니다.

슬랙스, 스웻팬츠, 데님, 카고팬츠 등
키 큰 사람을 위해서 만들었습니다.

#라트로프",0,"06/18/2026 01:30",https://www.instagram.com/p/DZuHgdICASi/,"Instagram 슬라이드",,"전체 기간",5586,11549,24,14,17,0,22
18091149362611216,17841407667602671,llatrof_lab,"LLATROF LAB","Old Money vs Quiet Luxury

Old Money와 Quiet Luxury
비슷해 보이지만 다릅니다.

올드머니는 오래된 부유층 가문에서
자연스럽게 나온 생활 속 스타일입니다.

요트, 승마, 골프 같은
라이프스타일이 배경입니다.

콰이어트 럭셔리는
브랜드 로고나 화려한 디자인 대신
소재와 퀄리티로 말하는 스타일입니다.

올드머니가 태도와 라이프스타일이라면
콰이어트 럭셔리는 옷 자체의 소비 방식에
가깝습니다.

하지만 두 스타일의 공통점이 있습니다.

로고보다 퀄리티
화려함보다 절제

큰 로고 없이도 고급스러워 보이는 이유는
결국 소재와 핏에서 나옵니다.

Old Money, Quiet Luxury를 지향한다면
명품 브랜드보다 좋은 소재와 정돈된 핏부터
시작하면 됩니다.",0,"06/17/2026 01:30",https://www.instagram.com/p/DZritYvgX4d/,"Instagram 슬라이드",,"전체 기간",15020,14371,75,21,85,0,110
18474942460096247,17841407667602671,llatrof_lab,"LLATROF LAB","뒷주머니는 그냥 장식인가요?

바지를 입을 때 
뒷주머니에 지갑이나 폰을 
넣는 경우가 있습니다.

근데 잘 들어가지는 않습니다.

억지로 넣으면 절반은 삐져나와 있고
걸을 때마다 떨어질 것 같습니다.

결국 지갑도 폰도 
앞주머니에 다시 넣습니다.

앞주머니가 두툼해지면서
핏은 이상해집니다.

문제는 뒷주머니 폭이었습니다.

일반 바지 뒷주머니는 
7인치도 잘 안 됩니다.

라트로프는 뒷주머니 폭을 
8인치로 설계했습니다.

지갑도 폰도 여유있게 들어갑니다.

앞주머니가 비워지면 핏이 달라집니다.

뒷주머니를 장식이 아닌 
주머니로 만든 스웻팬츠입니다.",42,"06/17/2026 01:00",https://www.instagram.com/reel/DZrfT_KDbAq/,"Instagram 릴스",,"전체 기간",4121,3827,11,5,4,0,6
18586878424045694,17841407667602671,llatrof_lab,"LLATROF LAB","남성 탈모는 걱정하면서 그냥 머리만 감고 있나요?

20대 후반 그리고 30대를 넘어가면서
탈모에 대한 고민이 많아집니다.

이제는 날씨까지 더워지면서
두피에 열이 오르고 
머리카락이 더 많이 빠지는 느낌입니다.

탈모 샴푸, 영양제 등을 찾아보고
바꿔보지만 크게 달라지는 것이 없습니다.

샴푸, 영양제보다 
두피 환경을 먼저 챙겨야 합니다.

두피 모공이 안 막혀 있어야
머리카락이 자랄 수 있는 
환경이 갖춰집니다.

1. 샴푸 전에 빗질하기

샴푸 전에 빗질을 하면
하루동안 쌓인 먼지를 털어낼 수 있습니다.

그리고 엉킨 머리카락을 풀어 서
견인성 탈모를 막을 수 있습니다.

1. 저녁에 머리 감기

여름철에는 
저녁에도 머리를 감아주는 것이 좋습니다.

더워서 땀 분비가 많아지고 유분이 많아지면
모공이 막힙니다.

1. 두피 마사지하기

샴푸하면서 손톱이 아닌 
손가락 끝 부분으로 부드럽게 마사지를 해주세요.
노폐물도 씻어내고 혈액순환을 촉진합니다.

1. 완전하게 말리기

감고 나서 드라이를 대충 하는 경우가 있습니다.
젖은 두피는 세균이 번식하기 좋은 환경이기 때문에
뿌리부터 머리카락 전체를 완전히 말려주세요.

탈모는 빠진 다음에 막는 게 아닙니다.
탈모는 예방이 제일 중요합니다.",0,"06/16/2026 01:30",https://www.instagram.com/p/DZo96vBievg/,"Instagram 슬라이드",,"전체 기간",2248,8159,15,26,3,0,17
18535553491073887,17841407667602671,llatrof_lab,"LLATROF LAB","땀 때문에 슬랙스는 포기했습니다.

벌써 낮 기온이 30도를 넘기 시작했습니다.
이 날씨에 슬랙스는 엄두가 안 납니다.

그래도 출근할 때, 약속이 있을 때
깔끔해 보이고 싶습니다.

반바지로는 한계가 있거든요.

여름에 슬랙스를 포기했던 건
일반 슬랙스는 두꺼워서 
여름에 도저히 입을 수가 없습니다.

최근에는 여러 브랜드에서 
여름용 슬랙스가 출시되지만
키가 커서 사이즈가 맞지 않습니다.

그래서 여름에도 입을 수 있는 슬랙스를
찾기 시작했습니다.

조건은 길이가 짧지 않고
소재는 가볍고, 너무 흐물거리지 않는 것입니다.

소재가 얇아지면 흐물거리는 경우가 많은데
이 바지는 제가 찾던 조건에 딱 맞았습니다.

여름에 슬랙스를 포기했던 것이 아닙니다.
그냥 여름용 슬랙스를 몰랐던 것입니다.",0,"06/15/2026 01:30",https://www.instagram.com/p/DZmZHcDjV6n/,"Instagram 슬라이드",,"전체 기간",5897,4837,18,1,5,0,26
17967661524089790,17841407667602671,llatrof_lab,"LLATROF LAB","패션은 돈이 전부가 아닙니다.

비싼 옷을 입어도 
뭔가 아쉬운 사람이 있고

저렴한 옷을 입어도
왠지 세련돼 보이는 사람이 있습니다.

그 차이는 가격이 아니라 안목입니다.

안목이 좋은 사람은
소재, 핏, 시간이 지나도 변함 없는 스타일

같은 디자인이라도 소재가 다르면
입었을 때 느낌 자체가 다릅니다.

브랜드 로고보다 
소재의 질을 먼저 확인합니다.

나의 체형의 단점을 커버하고
장점을 부각해줄 수 있는 핏을 알고 있습니다.

아무리 좋은 옷이더라도
핏이 이상하면 그냥 돈만 쓴 것입니다.

시간이 지나도 변함 없는 스타일은
유행을 타지 않고 
1년, 2년이 지나도 꺼내 입을 수 있는 옷입니다.

누군가는 말합니다.
안목은 타고나야 한다고

그렇지 않습니다.
자신만의 기준이 생기는 순간
누구나 달라집니다.

나만의 스타일, 나만의 기준을 만드세요.",0,"06/12/2026 01:30",https://www.instagram.com/p/DZeqvcECAfD/,"Instagram 슬라이드",,"전체 기간",4002,4655,13,7,5,0,19
18114229571502208,17841407667602671,llatrof_lab,"LLATROF LAB","조용하지만 강하다.
콰이어트 럭셔리(Quiet Luxury)

튀지 않는데 
왜인지 시선이 가는 사람

비싼 것 같은데 
어떤 브랜드인지는 모르겠는 사람

그 고급스러움의 정체가 있습니다.

콰이어트 럭셔러(Quiet Luxury)

직역하면 조용한 럭셔리
드러내지 않아도 느껴지는 존재감
자랑하지 않아도 가치는 사라지지 않는다.

이것을 아는 사람들의 스타일입니다.

로고 대신 소재
트렌드 대신 핏
과시 대신 절제

조용하다고 존재감이 없는 것이 아닙니다.
오히려 존재감이 더욱 강해집니다.

“단순함은 궁극의 정교함이다.”
Leonardo da Vinci",0,"06/11/2026 01:30",https://www.instagram.com/p/DZcF7-AD5_K/,"Instagram 슬라이드",,"전체 기간",7282,6747,43,16,26,0,87
17954620686140056,17841407667602671,llatrof_lab,"LLATROF LAB","라트로프에는 헬스할 때 입을만한 바지는 없을까요?

키가 180cm 후반이 되면
운동복 바지도 문제입니다.

시중에 판매하는 스웻팬츠는
전부 기장이 짧거든요.

그렇다고 큰 사이즈를 사면
끈을 최대로 조여도 흘러내립니다.

어차피 운동복인데 핏까지 따지는게
사치인가 싶기도 했습니다.

그런데 키 큰 체형을 위한 
바지를 만드는 브랜드에서
스웻팬츠도 만드는 것을 알게 되었습니다.

처음부터 키가 큰 사람을 위해 만들어져서
기장도 맞고, 흘러내리지도 않습니다.

기능적인 부분 외에도 
만족스러웠던 점이 하나 있습니다.

라트로프 스웻팬츠를 입기 전에는
운동을 끝내고 꼭 바지를 갈아입고 나왔습니다.
”길이가 짧아 핏이 진짜 이상했거든요.”

라트로프 스웻팬츠를 입고나서는
운동을 끝내고 그대로 나옵니다.
그래서 짐도 한결 가벼워졌습니다.

운동복 바지도 핏을 챙겨보세요.",0,"06/10/2026 01:30",https://www.instagram.com/p/DZZhJSmDBJD/,"Instagram 슬라이드",,"전체 기간",4659,6680,10,2,2,0,12
17912411979408042,17841407667602671,llatrof_lab,"LLATROF LAB","저는 슬랙스를 구매할 수 없습니다.

키가 180cm 후반만 되어도
슬랙스는 구매하기가 힘듭니다.

왜냐하면 전부 길이가 짧거든요

길이에 맞추면 허리가 크고
그래서 벨트를 꽉 조이게 되고
거울로 뒷모습을 보면 바지가 접혀서
보기가 싫습니다.

주로 출근 때 입으려고 슬랙스를 사려는데
맞는 사이즈가 없습니다.

그렇다고 맞춤을 하기에는 비싸고
출근용으로 입기에는 아깝습니다.

그래서 그동안은 그냥 구매했습니다.
벨트로 조이고, 수선을 했습니다.

그러다 알게 된 사실이 있습니다.

키가 큰 사람들의 바지는
처음 설계부터 달라야 한다는 것입니다.

키 큰 사람을 위해 만들어진 
바지를 찾기 시작했습니다.
그러다 찾은 것이 라트로프입니다.

허리부터, 힙, 허벅지, 기장까지
불편한 점이 없었습니다.

벨트를 하지 않아도 되고
허리 수선을 하지 않아도 되었습니다.

라트로프를 입어보고 나서 
깨달은 사실이 있습니다.

키가 크다는 것이 
오히려 슬랙스를 가장 잘 소화할 수 있는 
체형이었다는 점입니다.

키가 큰 남자들을 위한 브랜드

#라트로프",0,"06/09/2026 01:30",https://www.instagram.com/p/DZW8WacjCFm/,"Instagram 슬라이드",,"전체 기간",4061,5422,18,0,14,0,13
18114251275887002,17841407667602671,llatrof_lab,"LLATROF LAB","온라인으로 바지 샀다가 실패하는 이유

사이즈표를 봐도 감이 안 오시죠?

숫자는 있는데
정작 입었을 때 어떨지 모르겠는 것.
바지 구매가 어려운 이유입니다.

밑위, 인심, 허벅지 밑단을
이 세가지만 알아도
바지 구매 실패가 줄어듭니다.

1. 밑위

밑위는 앉을 때 편안함을 결정합니다.
밑위가 짧으면 앉을수록, 움직일수록 불편합니다.

오래 앉아 있는 직장인이라면
가장 먼저 확인하세요.

1. 인심

인심은 다리 안쪽 길이입니다.
인심이 짧으면 기장이 길어도 다리가 짧아 보여요

다리 비율을 만드는 기준이니
줄자로 한 번 측정해 보세요.

1. 허벅지 

허벅지는 움직일 때 여유를 결정합니다.

특히 앉을 때 
바지가 자연스럽게 위로 올라가기 때문에
허벅지가 너무 타이트하면
당김과 불편함이 훨씬 크게 느껴집니다.

외근이 많거나 앉고 일어나는 일이 잦다면
허벅지를 꼭 체크하세요.

숫자를 나열하는 것보다
입고 있는 시간이 편안한 바지를
우리는 필요로 합니다.

#라트로프",0,"06/08/2026 01:08",https://www.instagram.com/p/DZUVGYwoCU1/,"Instagram 슬라이드",,"전체 기간",3475,6501,22,5,4,0,38
17940142098226823,17841407667602671,llatrof_lab,"LLATROF LAB","당신이 고른 반팔, 체형을 망치고 있습니다.

반팔은 여름 옷 중 가장 자주 입지만
가장 잘못 고르는 옷이기도 합니다.

문제는 브랜드도 가격도 아닙니다.
바로 핏입니다.

어깨가 좁은데 
딱 붙는 반팔을 입으면
더 좁아보입니다.

자신의 어깨보다 길이가 길고
소매가 조금 더 넉넉한 
세미오버핏이 좋습니다.

배가 신경 쓰이는 체형이라
넉넉한 사이즈의 옷을 골랐다면 
오히려 역효과입니다.

늘어진 기장과 넉넉한 품은
배를 가리는게 아니라 
몸 전체를 커보이게 합니다.

힙을 살짝 덮는 기장
몸에 너무 붙지도, 헐렁하지도 않는
베이직한 사이즈를 추천합니다.

체형을 가리려고 큰 옷만 고르는 선택이
오히려 체형을 망치고 있던 것입니다.

약간의 핏만 바꿔도 
올여름 반팔이 달라집니다.",35,"06/08/2026 01:02",https://www.instagram.com/reel/DZUUTOBiHlb/,"Instagram 릴스",,"전체 기간",2321,2454,14,0,7,0,8
18084243416390475,17841407667602671,llatrof_lab,"LLATROF LAB","아직 라트로프에는 반바지가 없습니다.

키 큰 분들을 위한 반바지
아직 라트로프에는 없습니다.

여름에도 입을 수 있는
슬랙스까지는 만들었지만

반바지는 아직 고민 중입니다.

키 큰 체형에 맞는 반바지
생각보다 찾기 어렵습니다.

기장이 짧아질수록
비율과 핏을 맞추기가 더 까다로워집니다.

그래서 아직 출시하지 못했습니다.

대충 만들기보다
제대로 설계해서 선보이고 싶습니다.

그 전에 여쭤보려고 합니다.

어떤 스타일의 반바지가 필요하신가요?
댓글로 의견을 남겨주세요.

여러분의 고민이 
다음 제품이 될 수 있도록 노력합니다.

#라트로프",0,"06/05/2026 01:30",https://www.instagram.com/p/DZMpKqKjLZ6/,"Instagram 슬라이드",,"전체 기간",8444,7461,13,0,6,0,9
18206182291353238,17841407667602671,llatrof_lab,"LLATROF LAB","슬랙스 오래 입고 싶다면 보관 방법부터 점검하세요.

슬랙스는 소재가 예민합니다.

아무렇게나 걸어두면 
주름이 생기고 형태가 틀어집니다.

보관 방법 하나가 수명을 결정합니다.

1. 옷걸이 선택이 먼저입니다.

일반 옷걸이에 걸면
무게 때문에 허리 부분이 늘어납니다.

클립형 옷걸이에 밑단을 집어 
거꾸로 걸어두세요.

형태가 유지되고 주름도 자연스럽게 펴집니다.

2. 입고 난 직후가 중요합니다.

바로 옷장에 넣지 말고 
잠깐 통풍이 되는 곳에 걸어두세요.

땀과 습기를 날린 후 보관해야
냄새와 형태 변형을 막을 수 있습니다.

3. 접어서 보관해야 할 경우

서랍에 넣어야 한다면 접는 방법이 중요합니다.

앞뒤 중심선을 맞춰 반으로 접고
허리 부분이 위로 오게 놓으세요.

구겨지는 면적을 최소화하는 것이 핵심입니다.

보관 습관 하나가
오래도록 깔끔한 핏을 유지할 수 있습니다.",0,"06/04/2026 01:30",https://www.instagram.com/p/DZKEXibDrKi/,"Instagram 슬라이드",,"전체 기간",3670,6783,13,4,2,0,18
18145525216508282,17841407667602671,llatrof_lab,"LLATROF LAB","코털 정리는 꼭 하셔야 합니다.

코털은 외모에서 생각보다 큰 영향을 줍니다.

아무리 잘 차려 입어도
코털이 보이는 순간 첫인상이 달라집니다.

코털 정리 도구는 크게 3가지가 있습니다.

1. 코털 전용 트리머
2. 작은 눈썹 가위
3. 왁싱

1. 코털 전용 트리머

가장 쉽고 안전하고 빠릅니다.
콧속 피부를 건드리지 않고 정리할 수 있습니다.

온라인에서 2만원 내외로 쉽게 구할 수 있으니
가위 사용이 어려우신 분은 추천드립니다.

2. 작은 눈썹 가위

트리머가 없을 때 대안으로 쓰는 것을 추천합니다.
너무 짧게 자르려고 하면 피부를 찌를 수 있으니
사용에 유의해야 합니다.

3. 왁싱

뿌리부터 제거해 오래 유지됩니다.
다만 콧속 점막이 자극받을 수 있어 주의가 필요합니다.

왁싱을 하신다면 
셀프보다는 왁싱샵에서 하는 것을 추천합니다.

코털은 완전히 제거하면 안 됩니다.
외부 먼지와 세균을 걸러주는 역할을 하기 때문에
밖으로 보이지 않을 정도로만 다듬어 주세요.

코털 정리는 일주일에 한 번이면 충분합니다.
꼭 챙겨서 깔끔한 인상을 유지하세요.",0,"06/04/2026 01:00",https://www.instagram.com/p/DZKA9g4Ci6Y/,"Instagram 슬라이드",,"전체 기간",2792,6964,15,6,4,0,21
18365281897228193,17841407667602671,llatrof_lab,"LLATROF LAB","공장 사장님들이 저에게 꼭 여쭤보시는 것이 있습니다.

바지를 제작하다보면
공장에 한 번씩 미팅을 가게 됩니다.

공장 사장님들이 절 보기만 하면
이렇게 말씀하십니다.

”이 기장 맞으신거죠?”
”다른 거래처보다 원단이 1.3배는 더 들어가네요.”
“와 근데 진짜 길긴 기네요”
”나중에 수선해달라 하면 안돼요”
”이걸 사는 사람이 있어요?”

그럼 저는 매번 이렇게 답변합니다.
”맞습니다 사장님. 걱정하지 마세요!”

혹시나 본인이 틀리신 걸까봐
저에게 한 번 더 여쭤봐주십니다.

라트로프 바지는 
키가 큰 분들을 기준으로 설계하다 보니
기장, 허벅지, 힙 여유량
전체 비율 자체가 달라집니다.

그러다 보니 같은 바지라도 
원단이 더 많이 들어갑니다.

당연히 생산 비용도 더 올라갑니다.
그래도 가격은 합리적인 선에서
맞추려고 노력합니다.

비용이 더 들더라도
이 기준만큼은 지켜나가려고 합니다.

키 큰 사람들의 고민을 해결하기 위해
계속해서 고민하고 개선하겠습니다.

#라트로프",35,"06/01/2026 01:30",https://www.instagram.com/reel/DZCWAUFjY_G/,"Instagram 릴스",,"전체 기간",4610,5821,14,0,5,0,11
18114928720884798,17841407667602671,llatrof_lab,"LLATROF LAB","스웻팬츠 원단 구조가 착용감을 결정합니다.

스웻팬츠는
겉모습보다 안쪽 구조가 중요합니다.

같은 두께라도
구조에 따라 착용감이 완전히 달라집니다.

1. 프렌치 테리 (French Terry)

안쪽이 고리 형태로 되어 있는 구조입니다.

루프(loop) 구조 특성상 
수분 흡수와 열 배출이 비교적 자연스러워
쾌적하게 느껴지는 경우가 많습니다.

시즌 활용 범위가 넓어
스웻 원단에서 가장 많이 사용되는 구조 중 하나입니다.

2. 양면지 (Double Knit)

앞뒤가 비슷한 조직으로 짜여진 구조입니다.

조직감과 밀도감이 안정적이고
핏이 탄탄해 안정적인 실루엣 표현에 유리합니다.

3. 싱글 저지 (Single Jersey)

티셔츠에 많이 사용되는 한 겹 구조입니다.

유연하고 부드러운 착용감이 장점이며
얇고 가볍게 제작하기 좋습니다.

대신 다른 조직에 비해
형태 유지력은 약한 편입니다. 

4. 기모 (Brushed)

안쪽 표면을 긁어 털을 만든 가공 방식입니다.

촉감이 부드럽고, 보온성이 뛰어나
겨울 시즌 스웻팬츠에 많이 사용됩니다.

열감이 높아 따뜻하게 느껴지는 원단 구조입니다.

스웻팬츠는 두께만으로 결정되지 않습니다.

같은 중량이어도 
구조와 가공 방식에 따라

무게감도,
열감도,
착용감도 달라집니다.

그래서 스웻팬츠를 볼 때에는
단순히 두께만 볼 것이 아니라

어떤 구조로 만들어졌는지도
함께 보면 좋습니다.

옷은 감각만이 아니라
구조와 설계도 중요합니다",0,"05/29/2026 01:30",https://www.instagram.com/p/DY6nmzLlhOJ/,"Instagram 슬라이드",,"전체 기간",5574,5150,19,3,9,0,25
17878590846456358,17841407667602671,llatrof_lab,"LLATROF LAB","땀 많은 남자를 위한 여름 필수템

날씨가 점점 여름에 가까워지고 있습니다.
열이 많은 남자분들께는
땀과의 싸움이 시작되는 계절입니다.

조금이라도 쾌적하게 보낼 수 있는
아이템들을 알려드릴게요.

1. 쿨링 티슈

외출 중 땀이 날 때 식히고 말리는 것보다 닦는 것이 더 빠릅니다.
손수건과 달리 세탁 없이 쓰고 버리면 되고
닦는 것만으로 시원함까지 느낄 수 있습니다.
휴대도 간편하니 출근 가방에 하나쯤 넣어두고 사용해 보세요.

2. 기능성 이너

레이어드를 줄이는 것이 아니라 기능성 이너만 추가하는 것입니다.
땀을 빠르게 흡수하고 통기성이 좋아 열기가 쌓이지 않고 바람이 통합니다.

기능적인 역할 외에도 겉옷에 땀자국이 생기는 것도 막아줍니다.
셔츠를 자주 입으시다면 더욱 추천합니다.

3. 쿨링 드라이 샴푸

두피에 땀이 많이 나는 분들께 추천드립니다.
두피가 뜨거우면 모낭이 자극받아
모발이 가늘어지거나 탈모에 영향을 줄 수 있습니다.

너무 많이 뿌리는 것은 추천하지 않지만
가장 더운 12시 ~ 2시 사이에는 
한 번씩 뿌려주면 조금이라도 쾌적하게 보낼 수 있습니다.

3가지 아이템을 추천해드렸는데
꼭 주의사항을 확인하고 사용해 주세요.

더위에 지치지 않는 여름
작은 준비에서 시작됩니다.",0,"05/28/2026 01:30",https://www.instagram.com/p/DY4Czw6DS-V/,"Instagram 슬라이드",,"전체 기간",1984,3150,17,13,0,0,32
17949015494998746,17841407667602671,llatrof_lab,"LLATROF LAB","라트로프는 고객님의 후기를 볼 때 가장 뿌듯합니다.

라트로프 홈페이지에는
제품 하단 부분 외에도
후기 페이지가 별도로 있습니다.

후기가 가장 중요한 부분 중
하나라고 생각하기 떄문입니다.

감사하게도 많은 분들이
좋은 후기를 남겨주십니다.

패션업 종사한 지 20년 넘었습니다.
장신 소비자의 니즈를 정확히 알고 제작한 상품이네요.
소재, 패턴 등 모든 것에 만족합니다.
이 상품이 벌써 3번째 구매입니다.
계절마다 재방문하여 구매할 듯합니다. 오래오래 번창하세요.

너무 캐주얼 하지도 않고 포멀하지도 않은 것 같아서
평소에 휘뚜루 마뚜루 입기 좋았습니다!!
그동안 매번 비싼 돈 주고
해외직구해서 입다가
이 가격에 이 사이즈에 이 퀄리티라니…
스토어 등록해두고 앞으로 여기서만 구입할 예정입니다.

사진에 따라서 블랙처럼 보이기도 하는데
실제 색상은 너무 예쁜 차콜색이라 대만족입니다.
기장도 딱 맞고 바지 퀄리티가 너무 좋아서
블랙 구매 후 차콜 재구매 합니다!!
항상 좋은 바지 만들어 주세요!!

스웻팬츠다보니 신축성이 있어서 엄청 편하고
소재도 먼가 시원한 느낌이라서
여름에는 이것만 입고 다닐듯해요
그전까지는 투턱데님이랑 이것만 돌아가면서 입으려구요

남겨주신 후기 하나하나가
라트로프에게 큰 힘이 됩니다.",67,"05/28/2026 01:01",https://www.instagram.com/reel/DY3_hBuF9d5/,"Instagram 릴스",,"전체 기간",4884,4425,12,0,1,0,5
17997664079951841,17841407667602671,llatrof_lab,"LLATROF LAB","슬랙스 입었는데 왜 나만 아저씨 같아 보일까?

깔끔해 보이고 싶어서
슬랙스를 구매해서 입었더니
뭔가 아저씨 같아 보이나요?

문제는 핏과 스타일링에 있습니다.
아저씨처럼 보이는 슬랙스의 
공통점은 3가지 정도 있습니다.

1. 길이가 짧고, 통이 좁다
2. 색이 너무 밝거나 광택이 강하다
3. 상의와 비율이 맞지 않는다.

포멀한 느낌을 원하면 
복숭아뼈를 덮는 정도

캐주얼한 느낌을 원하면 
신발을 살짝 덮는 정도

바지통은 세미와이드를 추천합니다.

색상은 블랙, 차콜, 네이비부터

밝은 색이
어디에나 매치하기 쉽고 무난합니다.

상의 기장도 중요합니다.

상의가 너무 길면 하체가 짧아 보입니다.
슬랙스 허리선이 살짝 보이는 기장을 추천합니다.

셔츠의 경우에는 넣어 입어서
포멀한 느낌을 주어도 좋습니다.

슬랙스 어렵지 않습니다.
핏, 색상, 비율만 잡아보세요.",0,"05/27/2026 01:30",https://www.instagram.com/p/DY1eAyAAfit/,"Instagram 슬라이드",,"전체 기간",3590,5692,12,0,1,0,23
18110809192742077,17841407667602671,llatrof_lab,"LLATROF LAB","남자의 면도, 섬세해야 한다.

지난 주 ‘알지만 잘 안 하는 남자 관리’에서 
남자가 해야 할 관리 항목에 대해서 
알려드렸었는데요.

이번에는 항목별로 
자세한 내용을 알려드리겠습니다.

첫 번째 편은 남자의 면도입니다.
많은 분들이 면도를 출근 전 
빠르게 해치우려고 합니다.

바쁜 일상에서 어쩔 수 없지만
5분만 더 투자해도 피부는 더 좋아집니다.

1. 면도기 선택

깔끔한 면도를 선호하면 5중날
민감한 피부라면 스킨 가드가 있는 날로
제품을 준비해 주세요.

2. 폼클렌징보다 쉐이빙 전용 용품

바쁘다보니 폼클렌징으로 세수를 하고
거품이 있는 상태에서 면도를 합니다.

폼클렌징은 쉐이빙 전용 용품보다
입자가 굵고 금방 꺼져서 마찰을 줄여주기 힘듭니다.

수염이 굵고 많은 경우에는 쉐이빙 젤
수염이 얇고 적은 경우에는 쉐이빙 폼을 추천합니다.

3. 소독과 면도날 데우기

면도를 하기 전에 
소독용 알코올 스프레이로 날을 소독해 주세요.
모낭염 등 피부 트러블을 예방할 수 있습니다.

그리고 면도날을 따뜻한 물에 데우면
수염을 더 부드럽게 깎을 수 있습니다.
샤워 시작 전에 온수에 면도기를 넣어두세요.

4. 수염 불리기

수염을 부드럽게 해주면 피부 자극이 줄어듭니다.
수염을 불리기 위해서는 이 방법들을 사용해 주세요.

- 스팀 타월이나 온수 샤워 후에 면도
- 쉐이빙 폼/젤 도포 후 1분 기다리기

5. 면도 순서

1차로 수염이 나는 정방향으로 길이를 짧게 해주세요.
처음부터 역방향으로 밀면 자극이 심해지고
수염이 길었을 때는 면도기에 의해 뜯길 수 있습니다.

2차로 다시 한 번 손에 남은 거품을 바르고
역방향으로 힘을 빼고 밀어주세요.

중요한 미팅이나 일정이 있는 날이 아니라면
너무 바짝 깎지는 마세요.

6. 애프터 쉐이브

면도를 최대한 부드럽게 하더라도 
피부에는 자극이 생깁니다.

알로에젤, 수분 크림 등 
진정 효과가 좋은 화장품으로 마무리 해주세요.

면도에서 가장 중요한 것은 위생입니다.

아무리 좋은 날, 좋은 용품을 쓰더라도
면도기의 위생이 좋지 않다면
피부 트러블은 날 수밖에 없습니다.

면도기 소독과 건조는 꼭 지켜주세요.

더 멋있는 남자가 되는 그 날까지
라트로프가 응원합니다.",0,"05/27/2026 01:02",https://www.instagram.com/p/DY1ay3ZDVQi/,"Instagram 슬라이드",,"전체 기간",1949,8394,25,9,8,0,48
17930361468093642,17841407667602671,llatrof_lab,"LLATROF LAB","모델 키만 보고 구매했다가 반품했습니다.

키 큰 분들, 
이런 경험 한 번쯤은 있으시죠?

다양한 브랜드, 플랫폼에서 
바지를 고를 때

모델 키만 보고 구매했다가
막상 입어보니 잘 맞지 않거나
어딘가 어색해서 반품한 적

키가 같아도 체형은 전부 다릅니다.

다리 길이, 허리 위치,
골반 너비, 허벅지 둘레

숫자 하나로는 
절대 알 수 없는 것들이 있습니다.

그래서 선택한 방법입니다.
라트로프는 한 체형만 기준으로 
만들지 않습니다.

188cm, 68kg 마른 모델 체형
190cm, 95kg 건장한 체형까지
직접 함께 입어보며 수정합니다.

같은 바지라도 
체형에 따라 핏은 달라집니다.

하지만 중요한 것은
누가 입어도 전체적인 비율이
어색하지 않은가 입니다.

어떤 체형이든
너무 마르거나, 너무 부해 보이지 않도록
사이즈 체계를 수정하고, 패턴을 설계합니다.

다양한 체형에서 자연스러운 핏

예전에도 지금도 앞으로도 
그 기준은 변하지 않습니다.

#라트로프",39,"05/26/2026 01:30",https://www.instagram.com/reel/DYy5PdWAXh6/,"Instagram 릴스",,"전체 기간",7248,5667,13,4,8,0,8
17944461729079573,17841407667602671,llatrof_lab,"LLATROF LAB","잘생기지는 않아도 못나지는 않았습니다.

남자 관리는 멋있어지는 것보다
깔끔해 보이는 것이 중요합니다.

드라마 주인공처럼 되는 것은 어렵지만
깔끔한 인상은 만들 수 있습니다.

머리 조금 다듬고
옷 핏만 바뀌어도
분위기가 꽤 달라집니다.

생각보다 사람 인상은
작은 차이에서 갈립니다.

비싼 옷이 중요한게 아닙니다.

- 얼룩이 없는 깨끗한 옷
- 배가 나오지 않은 몸
- 냄새 나지 않는 몸
- 눈썹, 코털, 헤어스타일 정리

이런 작은 관리들이 분위기를 만듭니다.

잘생김까지는 아니어도
분위기는 충분히 만들 수 있습니다.

남자들의 변화는
꾸미는게 아니라 관리입니다.",0,"05/22/2026 01:30",https://www.instagram.com/p/DYomCg1j1aL/,"Instagram 슬라이드",,"전체 기간",2266,5508,18,4,21,0,26
18392220130095552,17841407667602671,llatrof_lab,"LLATROF LAB","바지 길이 때문에 가장 많이 혼납니다.

저희는 키 크신 분들이 많이 입다 보니
기장에 정말 민감할 수 밖에 없습니다.

그래서 가장 많이 들어오는 문의도
사실 ‘수축’ 관련 이야기입니다.

스웻팬츠는 원단 특성상
어느 정도 수축이 생길 수밖에 없습니다.

보통 3% 내외 수준이지만
기장이 긴 바지는 같은 3%라도
체감 차이가 더 크게 느껴집니다.

저희도 이 부분을 정말 많이 신경 씁니다.

원단 선정, 수축 방지 공정, 세탁 후 변화 체크까지
계속 반복하고 개선하고 있습니다.

특히 스웻 원단은 첫 세탁 후 수축이 오는 대신
착용하면서 어느 정도 자연스럽게 
이완되기도 합니다.

그래서 스웻팬츠는
원단 특성을 이해하고 만드는 과정이 중요합니다.

그래서 가끔은 이런 생각도 합니다.
“수축 걱정 없는 스웻팬츠 하나 만들고 싶다”

길이 1cm의 체감이 큰 걸 알기에
조금이라도 더 만족하실 수 있도록
계속 고민하고 개선해보겠습니다.",0,"05/21/2026 01:30",https://www.instagram.com/p/DYmBQrjCvzA/,"Instagram 슬라이드",,"전체 기간",15639,13093,19,6,7,0,15
17901477405433300,17841407667602671,llatrof_lab,"LLATROF LAB","올드머니룩 컬러 조합 낋여왔습니다~

그동안 올드머니룩에 관한 
콘텐츠 2개를 올렸습니다.

이전 콘텐츠보다 더 유용할 수 있는
컬러 조합 콘텐츠를 들고 왔습니다!

올드머니룩으로 입고 싶다면 
이 색상의 옷은 꼭 소장하세요!

- 화이트
- 오트밀
- 그레이
- 차콜
- 네이비
- 블랙

더 많은 색상이 있지만
이 컬러들은 필수템입니다.

이제 어떤 색상으로 매치하는 것이
좋을지 알려드리겠습니다.

1. 네이비 니트 + 화이트 셔츠 + 화이트 팬츠

니트와 셔츠는 레이어드
팬츠는 레귤러 핏을 매치해 주세요.

2. 그레이 하프 집업 니트 + 화이트 팬츠

하프 집업 니트는
밑단이 너무 내려 오지 않게
잘 정리하는게 포인트입니다.

 3. 차콜 니트 + 블랙 팬츠

가장 기본적인 컬러로 
어렵지 않게 소화할 수 있습니다.
스타일이 너무 심심하다면 
가죽이나 메탈 시계를 더하는 것을 추천합니다.

4. 화이트 헨리넥 + 오트밀 팬츠

조금 밝게 입고 싶거나
날씨가 따듯하면 추천합니다.
날씨가 더우면 헨리넥은 반팔로 입어주세요.

다음 편에서는 
조금 더 다양한 컬러 조합으로 돌아오겠습니다!",0,"05/20/2026 01:30",https://www.instagram.com/p/DYjcdCOjFrF/,"Instagram 슬라이드",,"전체 기간",33123,32721,155,70,297,0,363
17953878666136426,17841407667602671,llatrof_lab,"LLATROF LAB","스웻팬츠는 왜 만들어졌을까?

스웻팬츠는 
원래 패션 아이템이
아니었습니다.

운동 중 흘리는 땀을 흡수하고
편하게 움직이기 위해 만들어진
스포츠웨어에 가까웠습니다.

‘Sweat Pants’
이름 그대로 땀을 위한 바지입니다.

1920년대 프랑스의 Le Coq Sportif에서
운동선수용 트레이닝 팬츠로 제작되며
지금의 형태가 자리잡기 시작했습니다.

스웻팬츠의 핵심은 디자인보다 기능입니다.

편하게 움직이고
땀을 빠르게 흡수하고
오래 입어도 불편하지 않은 착용감

하지만 지금은 대부분 
핏이나 디자인을 보고 선택합니다.

물론 중요하지만
제일 중요한 착용감은
원단 구조에서 결정됩니다.

같은 두께라도 원단 구조에 따라 
완전히 달라집니다.

스웻팬츠는 단순히 두께만으로 
결정되지 않습니다.

그래서 스웻팬츠를 고를 때는 
두께와 같이 어떤 구조로 만들어졌는지 봐야합니다.

다음 콘텐츠에서는
스웻팬츠의 구조에 대해서 알려드리겠습니다.",0,"05/19/2026 01:30",https://www.instagram.com/p/DYg3p-BgTcw/,"Instagram 슬라이드",,"전체 기간",3139,9510,16,4,4,0,11
18066690377381097,17841407667602671,llatrof_lab,"LLATROF LAB","라트로프는 이게 없습니다.

라트로프의 바지에는
없는 것이 있습니다.

과한 디테일, 핏, 스타일링입니다.

스타일도, 핏도, 디테일도 
화려하지는 않습니다.

처음 봤을 때 강렬한 바지보다
계속 손이 가는 바지를 만들고 싶습니다.

색상도 차분하게
핏도 자연스럽게
디테일은 오래 봐도 질리지 않게

그 이유는 단순합니다.
어떤 옷과 입어도 어울리고
어떤 상황에서도 자연스럽게 
입을 수 있어야 하기 때문입니다.

유행을 타지 않고
오래 입게 되는 바지

라트로프는 그런 기준으로
제품을 만들고 있습니다.",27,"05/19/2026 01:00",https://www.instagram.com/reel/DYg0OowFI4q/,"Instagram 릴스",,"전체 기간",3509,3407,11,2,7,0,9
18349791868244797,17841407667602671,llatrof_lab,"LLATROF LAB","알지만 잘 안 하는 남자 관리

남자들도 다 압니다.
관리해야 한다는 것

그치만 귀찮아서 
내일 해야지 하다가 
지저분해집니다.

많은 시간 필요 없습니다.
하루에 딱 10분이면 충분합니다.

딱 이것만 신경 써보세요.

• 손톱 정리
• 눈썹 정리
• 면도 • 애프터케어
• 스킨케어
• 코털 정리
• 목 라인, 구레나룻 정리

다음 콘텐츠에서는 
항목별로 자세한 방법에 대해 알려드리겠습니다.",0,"05/18/2026 01:30",https://www.instagram.com/p/DYeS2n-mDN4/,"Instagram 슬라이드",,"전체 기간",2286,7007,22,10,21,0,28
18086407022376594,17841407667602671,llatrof_lab,"LLATROF LAB","여름을 쾌적하게, 시어서커

여름 옷에 사용되는 원단
시어서커는 페르시아어로 
우유와 설탕을 뜻하는 
시로샤카에서 유래되었습니다.

표면의 울퉁불퉁한 질감 덕분에
몸에 달라붙지 않고
가볍고 통기성이 좋습니다.

그래서 습기와 열을 잘 배출하면서도
편안하게 입을 수 있습니다.

단순하게 입는 여름일수록
소재의 차이가 더 중요해집니다.

시어서커는 
구김이 크게 신경 쓰이지 않아
관리도 비교적 편한 편입니다.

세탁할 때는 비틀지 말고
자연 건조하는 것이 좋습니다.
다리미는 사용하시면 안 됩니다.

이번 여름에는 시어서커로
시원하게 보내세요.",0,"05/18/2026 01:00",https://www.instagram.com/p/DYePdh9iCY6/,"Instagram 슬라이드",,"전체 기간",2680,3122,15,0,8,0,15
17963982888115073,17841407667602671,llatrof_lab,"LLATROF LAB","스타일이 단순해지는 여름

날씨가 더워지고 
여름이 되면
패션이 단순해집니다.

반팔 티셔츠, 반팔 셔츠, 반바지
그리고 출근 시에는 얇은 긴바지 정도
선택지가 많지 않습니다.

그래서 여름에는 옷보다는
액세서리를 통해서 포인트를 줘야 합니다.
그리고 그 차이는 디테일에서 갈립니다.

남자 액세서리는 과하면 안 됩니다.
하나에서 두 개 정도면 충분합니다.
반지 하나에 시계나 팔찌 하나 정도

더 디테일을 주고 싶다면
포인트가 되는 색깔의 양말이나
다크 브라운, 블랙 색상의 
베이직한 벨트를 추천합니다.

가장 중요한 것은 
과하지 않아야 한다는 것입니다.

작은 디테일이 패션을 완성시킵니다.",0,"05/14/2026 01:30",https://www.instagram.com/p/DYT_rIijcUF/,"Instagram 슬라이드",,"전체 기간",4313,5578,16,1,9,0,12
18117746467678969,17841407667602671,llatrof_lab,"LLATROF LAB","직원들과 많은 고민을 하고 있습니다.

지금 라트로프는
많은 고민을 하고 있습니다.

브랜드를 운영하다보니
고객님들의 요청이 있습니다.

“상의도 만들어 주시면 안 될까요?”
”바지 사이즈가 많아졌으면 좋겠어요.”

요청이 많아지다보니
상의도 진행하자는 의견과

상의 제작이 아닌 바지 사이즈를
추가해야 한다는 의견으로 나눠졌습니다.

그래서 라트로프는
어떤 방향이 맞을지 고민하고 있습니다.

DM, 댓글로 많은 의견 전달해 주시면
최대한 반영해 보겠습니다.",0,"05/13/2026 01:30",https://www.instagram.com/p/DYRa4wegSve/,"Instagram 슬라이드",,"전체 기간",8165,4754,12,0,3,0,6
17910120408401700,17841407667602671,llatrof_lab,"LLATROF LAB","여름 옷 이제 꺼내기 전에 꼭 해둬야 할 일

날이 더워지면서
옷장에 있던 여름 옷을 
꺼내기 시작합니다.

분명히 세탁해서 넣었고
입기도 전인데 냄새가 납니다.

이유는 단순합니다.
옷장은 공기가 통하지 않고
습기가 생기면 빠져나오기 어렵습니다.

입기 전에 통풍이 잘 되는 곳에
하루정도 걸어두세요.

그래도 냄새가 남아있다면
스팀을 사용해 주세요.
샤워 후 욕실에 30분 정도 걸어뒀다가
통풍이 잘 되는 곳에서 건조해도 됩니다.

가장 좋은 방법은
일주일에 한 번 정도
옷장을 열어서 환기해 주세요.

옷은 조금만 신경 써도 
상태가 좋아집니다.",0,"05/12/2026 01:30",https://www.instagram.com/p/DYO2GIyDifQ/,"Instagram 슬라이드",,"전체 기간",1523,2670,15,2,8,0,16
18092931203219427,17841407667602671,llatrof_lab,"LLATROF LAB","키가 180cm 후반이 넘어가면
이런 일들이 생깁니다.

버스나 지하철 타면
손잡이 위치가 애매해요.
조금만 더 높이 달아주세요..

거울을 볼 때 항상 숙여야 합니다.
안 그러면 얼굴은 볼 수가 없어요..

문틀, 간판, 천장
방심하면 한 번씩 꼭 부딪힙니다.
혹이 사라지질 않아요..

비 오는 날 
다른 사람들 우산에 찔립니다.
덤으로 다른 사람들 
우산에 있는 물도 맞아요.

이 외에 다른 불편했던 경험이 있다면
댓글로 남겨주세요!",21,"05/11/2026 01:31",https://www.instagram.com/reel/DYMRXe3DraN/,"Instagram 릴스",,"전체 기간",4147,4880,18,22,4,0,5
17911162791203481,17841407667602671,llatrof_lab,"LLATROF LAB","청바지 언제 버려야 할까요?

청바지는 오래 입을수록
더 좋아진다고 합니다.

그래서 언제 버려야할지
더 애매합니다.

하지만 이런 경우라면
충분히 버리는 것을
고려해봐도 좋습니다.

- 무릎이 튀어나와 돌아오지 않는 경우
- 엉덩이·허벅지 부분이 헐렁해진 경우
- 원단이 흐물해진 경우

지금 가지고 있는 청바지

3가지 체크리스트 중 
하나라도 해당한다면

이번에 바꿔보시는 건 어떨까요?",0,"05/08/2026 01:30",https://www.instagram.com/p/DYEi7sogp32/,"Instagram 슬라이드",,"전체 기간",2920,4616,13,2,0,0,14
18120616417642203,17841407667602671,llatrof_lab,"LLATROF LAB","나일론 팬츠 하나쯤은 사도 좋습니다.

나일론 팬츠 
하나쯤은 가지고 계신가요?

편하게 입을 수 있으면서도
일상에서 부담 없이
활용할 수 있습니다.

몸에 달라붙지 않아
활동하기 편하고 
가볍게 입기 좋습니다.

스타일링도 어렵지 않습니다.

상의에 티셔츠만 입어도 괜찮고
동일한 소재의 바람막이를 입어주면
최근에 유행한 시티 레저 룩이 됩니다.

무심한 듯 신경 쓴 것처럼 
느껴집니다.

요즘 같은 날씨에 딱입니다.
나일론 팬츠 도전해 보세요.

#라트로프",0,"05/07/2026 01:30",https://www.instagram.com/p/DYB-HwVj9Tu/,"Instagram 슬라이드",,"전체 기간",6441,5728,15,0,1,0,11
18092848211241026,17841407667602671,llatrof_lab,"LLATROF LAB","여름이 시작되는 지금, 이건 꼭 해두세요.

5월 5일 
여름이 시작되는 날
입하(立夏)입니다.

입하는 24절기 중 하나로
여름이 시작을 의미합니다.

완전한 여름은 아니지만
낮에는 초여름 같은 날씨가 이어집니다.
옷도 조금 더 가볍고 시원하게 변합니다.

그렇다면 이 시점에 
해야 할 일이 있습니다.

겨울동안 입고
드라이클리닝을 한 코트와 패딩을
정리해야 합니다.

세탁소 비닐을 벗기고
통풍되는 커버에 넣어
습기가 없는 곳에 보관하세요.

비싼 겨울 옷 보관만 잘해도 
더 오래, 더 좋은 상태로 입을 수 있습니다.",0,"05/06/2026 01:30",https://www.instagram.com/p/DX_ZUKBDeXO/,"Instagram 슬라이드",,"전체 기간",912,2859,9,0,0,0,7
18135797338549984,17841407667602671,llatrof_lab,"LLATROF LAB","패션이 어렵다면 덜어낼수록 나아집니다.

출근할 때는 그냥 단정하게 입다보니
주말에는 어떻게 입어야 할지 
고민이 되나요?

주말에는 출근룩보다
자유롭게 입을 수 있지만
오히려 선택지가 많아
더 어려워집니다.

어떻게 입어야 할지 모르겠다면
생각한 스타일에서 
하나씩 덜어내보세요.

포인트를 많이 주기보다
깔끔한 조합 하나로
정리해 보세요.

다음 콘텐츠에서는
적당하게 포인트를 주는 방법을
소개해드리겠습니다.",0,"05/04/2026 01:30",https://www.instagram.com/p/DX6Puicj464/,"Instagram 슬라이드",,"전체 기간",1760,3094,21,0,12,0,22
18110098901498330,17841407667602671,llatrof_lab,"LLATROF LAB","몸이 드러나는 계절이 다가옵니다.

이제 긴팔 티셔츠 하나만 입어도
더운 날씨가 왔습니다.

날씨가 추울 때는
아우터로 체형을 보완하기 쉬웠지만

날이 더워질수록
옷이 얇아지다보니
체형이 그대로 드러납니다.

오버핏처럼 널널한 옷을 통해
조금을 보완할 수 있지만
체형 자체가 달라지지는 않습니다.

헬스장을 꼭 가지 않아도 됩니다.
러닝, 푸쉬업, 스쿼트처럼
어디서든 할 수 있는 운동부터 시작하세요.

건강한 식단까지 추가한다면
더 좋습니다.

지금부터 3개월만 꾸준히 해도
이번 8월 한여름
분명히 달라진 변화를 느낄 수 있습니다.

이번 여름
멋진 몸까지 갖추고
더 좋은 여름을 보내보세요.",0,"05/01/2026 01:30",https://www.instagram.com/p/DXyhV8HCeVu/,"Instagram 슬라이드",,"전체 기간",1267,4674,8,2,1,0,4
17876814660583672,17841407667602671,llatrof_lab,"LLATROF LAB","기온별 옷차림, 이렇게 입어보세요.

날씨 볼 때마다 
뭘 입어야 할지 헷갈리셨나요?

23도 ~ 27도

꽤 따뜻한 날씨라 덥게 느낄 수도 있습니다.
반팔, 얇은 셔츠를 추천합니다.

20도 ~ 22도 

셔츠, 긴팔 티셔츠를 추천합니다.
몸에 열이 많다면 안에 반팔티를 입고
셔츠를 벗을 수 있게 코디해 주세요.

16도 ~ 19도

바람막이,  같은 아우터를 추천합니다.
아우터를 입기 싫다면
기모가 없는 스웻셔츠나 후드티에 
흰색 티셔츠를 레이어드 해보세요.

11도 ~ 15도

두께감이 조금 있는 
니트, 가디건, 자켓을 추천합니다.

기온별 옷차림을 추천해드렸지만
일교차가 큰 간절기에는
두꺼운 한 벌보다 
벗을 수 있는 옷차림이 좋습니다.

반팔 + 셔츠 + 가벼운 아우터처럼
필요할 때 조절할 수 있는 옷차림이
가장 현실적인 선택입니다.",48,"05/01/2026 01:02",https://www.instagram.com/reel/DXyeHE8gYY4/,"Instagram 릴스",,"전체 기간",1356,4180,9,1,4,0,10
18087071783601356,17841407667602671,llatrof_lab,"LLATROF LAB","키 큰 사람도 체형이 전부 다릅니다.

‘키 크다’라는 말은
비슷한 사람들을 묶어둔 것 같지만
실제로는 전부 다릅니다.

근육이 많은 사람, 마른 사람
허리가 큰 사람, 허리가 얇은 사람

같은 키라도 맞는 사이즈는 다릅니다.

그래서 라트로프는 
그 간극을 조금이라도 줄이고자
출시 전에 두 명의 체형으로 
테스트를 합니다.

한 명은 190cm에 95kg
다른 한 명은 188cm에 68kg

두 명이 출시되는 
모든 사이즈를 착용해 봅니다.

물론 한 명은 
사이즈가 크거나 
작을 수 밖에 없습니다.

하지만 사이즈는 주관적이고
두 체형 모두에서 
어디까지 자연스럽게 보일지가 
가장 중요합니다.

그래서 라트로프는
하나의 체형이 아니라 여러 체형에서도 
자연스럽게 맞는 기준으로
바지를 만듭니다.

다양한 체형을 고민하는 브랜드
#라트로프",0,"04/30/2026 01:30",https://www.instagram.com/p/DXv8kY5gmTD/,"Instagram 슬라이드",,"전체 기간",29503,89746,93,67,92,2,102
18059358167704600,17841407667602671,llatrof_lab,"LLATROF LAB","라트로프에서 상의도 만들면 좋을까요?

라트로프는 
키카 큰 남성의 바지를 중심으로
제품을 만들어오고 있습니다.

그러다보니 자연스럽게 
이런 고민이 생겼습니다.

바지에 맞는 자켓이 필요할까?

지금의 방향대로 바지에 집중하고
더 많은 사이즈로 확장할지

아니면 자켓을 만들어
셋업으로 활용 가능하게 할지

많은 고민을 하고 있습니다.

그래서 여러분의 의견이 필요합니다.

1. 바지 사이즈의 확장
2. 자켓 제작

댓글에 숫자를 남겨주세요.

라트로프는
여러분의 의견이 가장 중요합니다.",0,"04/29/2026 01:30",https://www.instagram.com/p/DXtXwG5jVr9/,"Instagram 슬라이드",,"전체 기간",10839,6281,15,3,3,6,8
18116565700662474,17841407667602671,llatrof_lab,"LLATROF LAB","선크림 바르기 귀찮습니다.

겨울이 끝나고 봄이 오면서
햇살이 많이 뜨거워졌습니다.

잠깐 나가더라도 
피부는 자외선이 쌓입니다.

문제는 한 번에 타는 것보다
조금씩 쌓이는 것입니다.

지금 당장은 피부에 
큰 변화가 없더라도
나이가 들면 바로 나타납니다.

외출 전에 한 번만 
가볍게 발라보세요.

지금의 귀찮음이
나중에는 차이를 크게 만듭니다.",0,"04/28/2026 01:30",https://www.instagram.com/p/DXqy9oikxcZ/,"Instagram 슬라이드",,"전체 기간",827,3948,6,1,1,0,7
17989079957973994,17841407667602671,llatrof_lab,"LLATROF LAB","그냥 티셔츠가 단조롭다면 헨리넥은 어떠신가요?

기본 티셔츠는 편하지만
조금 단조롭게 느껴질 때가 있습니다.

그럴 때는 헨리넥을 입어보세요.
단추 디테일 하나가 
과하지 않은 포인트가 됩니다.

셔츠보다는 덜 부담스럽고
티셔츠보다는 신경 쓴 느낌을 줍니다.

안에 티셔츠나 
색이 다른 헨리넥을
레이어드 해도 좋은 포인트가 됩니다.

조금의 디테일로
전체 인상은 충분히 달라집니다.",0,"04/27/2026 01:30",https://www.instagram.com/p/DXoOKqKCUbX/,"Instagram 슬라이드",,"전체 기간",2143,5365,16,1,1,0,11
18114316390744803,17841407667602671,llatrof_lab,"LLATROF LAB","라트로프는 여기에 집착합니다.

보통 바지를 고를 때
기장을 먼저 보게 됩니다.

하지만
그것만으로는 부족합니다.

라트로프는 기장과 함께
밑위도 중요하게 봅니다.

시중에는 기장이 긴 바지는 많지만
밑위까지 잘 맞는 바지는
생각보다 많지 않습니다.

밑위는 너무 짧아도 불편하고
너무 길어도 어색합니다.

특히 밑위는 
앞과 뒤가 같을 수 없습니다.

뒤 밑위와 곡률에 따라
엉덩이의 여유와 착용감이 달라집니다.

그래서 라트로프는
앞 밑위, 뒤 밑위, 엉덩이 품까지
함께 설계합니다.

누구나 딱 맞는 
바지를 만들 때까지 노력합니다.",0,"04/24/2026 01:30",https://www.instagram.com/p/DXgfx1ADmI0/,"Instagram 슬라이드",,"전체 기간",35579,13800,27,9,8,0,53
18467954881128552,17841407667602671,llatrof_lab,"LLATROF LAB","스웻팬츠, 일부러 가볍게 만들었습니다.

처음 스웻팬츠를 출시했을 때
날씨가 조금만 따뜻해져도
”생각보다 덥다”라는
피드백을 받았습니다.

그래서 이번 제품은
다가오는 계절에 맞춰
’가볍게 입는 스웻팬츠’에 집중했습니다.

더워지는 날씨
실내외를 오갈 때
부담 없이 입기 좋은 원단입니다.

묵직한 느낌이나 보온성은
이전보다 줄어들었습니다.

하지만 더 시원하고
더 가볍고
덜 피로합니다.

중량을 줄인 만큼
가격도 함께 낮췄습니다.

이번 옷도 가감 없는 피드백 주시면 
다시 또 반영하겠습니다.

#라트로프는 
고객과 함께 만들어 갑니다.",0,"04/23/2026 01:30",https://www.instagram.com/p/DXd6-9eH6An/,"Instagram 슬라이드",,"전체 기간",3830,2855,10,1,2,0,15
17926762503272624,17841407667602671,llatrof_lab,"LLATROF LAB","비 올 때 빨래를 해야 한다면

비 오는 날에는 
빨래를 미루고 싶지만
어쩔 수 없이 해야 할 때가 있습니다.

문제는 잘 마르지 않고
냄새가 나기 쉽다는 점입니다.

그래서 중요한 건
세탁보다 건조 환경입니다.

1. 탈수를 한 번 더 해주세요.

물기를 최대한 줄이는 것이
가장 중요합니다.

1. 간격을 넓혀서 건조하세요.

옷 사이 공간이 있어야
공기가 잘 통합니다.

1. 선풍기나 제습기를 사용하세요.

통풍이 잘 되면
건조 속도가 달라집니다.

날씨는 바꿀 수 없지만
냄새는 바꿀 수 있습니다.",0,"04/22/2026 01:30",https://www.instagram.com/p/DXbWNNGoKOc/,"Instagram 슬라이드",,"전체 기간",1165,2138,10,1,1,0,9
18113765032759346,17841407667602671,llatrof_lab,"LLATROF LAB","올드머니룩 어렵지 않습니다.

올드머니룩
오랫동안 부를 유지해 온 가문에서 
자연스럽게 나온 스타일입니다.

이러한 기원때문에 
비싼 옷을 입어야 가능하다고
생각할 수 있습니다.

그렇지 않습니다.
올드머니룩은 비싸지 않더라도
보여줄 수 있습니다.

다만 기준이 없다면
어색해 보일 수 있습니다. 

올드머니룩이 어색하다면
이것만 점검해 보세요.

- 로고는 최대한 작게
- 적당히 여유있는 핏
- 단조로운 색상의 옷
- 구김이나 얼룩 없이 깔끔하게

올드머니룩은 
과하지 않은 깔끔함과
여유로운 분위기를 
보여줄 때 완성됩니다.

다양한 패션을 보여주는 요즘
클래식으로 꾸며보는 것은 어떠신가요?",0,"04/21/2026 01:30",https://www.instagram.com/p/DXYxaG0AntJ/,"Instagram 슬라이드",,"전체 기간",13880,19178,88,43,98,0,139
18105927979729732,17841407667602671,llatrof_lab,"LLATROF LAB","낮에는 덥고, 아침이랑 저녁은 쌀쌀합니다.

요즘 날씨는 일교차가 큽니다.

낮에는 덥고
아침, 저녁에는 쌀쌀합니다.

그래서 옷을 잘못 입으면
낮에는 땀이 나고
저녁에는 추워서 체감은 겨울 같습니다.

이럴 때는 이너는 가볍게 입고
아우터를 하나 챙기는 것이 좋습니다.

이너는 
롱슬리브나 셔츠, 얇은 니트

아우터는 
집업, 바람막이, 블레이저 등
너무 두껍지는 않은 것을 추천합니다.

이런 날씨에는
이너, 아우터 모두
너무 두껍지 않아야 합니다.

지금은 상황에 맞춰
옷을 조절할 수 있어야 합니다.",0,"04/20/2026 01:30",https://www.instagram.com/p/DXWMmZdjWlv/,"Instagram 슬라이드",,"전체 기간",1139,1673,11,0,0,0,11
18092839420929281,17841407667602671,llatrof_lab,"LLATROF LAB","이런 사람을 생각하고 바지를 만듭니다.

과하게 꾸미지 않아도 
이미 충분히 괜찮은 사람

보여주기 위한 스타일보다
편안함과 자연스러움을
더 중요하게 생각합니다.

그래서 옷도 눈에 띄기보다
일상에서 편하게 입을 수 있는
기준을 봅니다.

겉으로는 단순해 보여도
핏과 착용감에는
분명한 기준을 가지고 있습니다.

라트로프는
이런 기준을 가진 사람에게
맞는 옷을 만들고 있습니다.

과하게 드러내지 않아도
이미 충분한 사람을
만들어 줍니다.",28,"04/20/2026 01:02",https://www.instagram.com/reel/DXWJY5MmjkQ/,"Instagram 릴스",,"전체 기간",2956,2800,10,1,5,0,11
18128637181577068,17841407667602671,llatrof_lab,"LLATROF LAB","봄에는 이렇게 입어보세요.

옷 입기 가장 좋은 계절 봄

가디건, 셔츠, 가죽자켓 등
입을 수 있는 옷은 많습니다.
하지만 코디는 더 어려워질 수 있습니다.

그래서 봄에 입으면 좋은 코디 준비했습니다.

1. 그레이 후드 집업 + 블랙 데님

집 앞 카페나 
가벼운 외출 시에 코디해 보세요.
이너는 흰 색 반팔을 추천합니다.

2. 화이트 롱슬리브 + 라이트 인디고 데님

크게 실패하지 않는 조합입니다.
아우터가 없다면 
소매를 조금만 걷어보세요.

흰 티가 너무 밋밋하다면
과하지 않은
반지나 팔찌로 포인트를 주세요.

3. 블랙 데님 트러커 자켓 + 블랙 와이드 데님

밝은 색의 데님 세트가 부담스럽다면
차분한 블랙으로 추천합니다.

신발은 미니멀한 쉐입의 
로퍼를 추천합니다.

코디가 어렵다면 
항상 이것만 기억하세요.

’과하지 않게’
#라트로프 

https://llatrof.co.kr/
https://smartstore.naver.com/tallliam",0,"04/17/2026 01:30",https://www.instagram.com/p/DXOeOaKDYR7/,"Instagram 슬라이드",,"전체 기간",4306,4478,26,10,12,0,28
18141098359500627,17841407667602671,llatrof_lab,"LLATROF LAB","라트로프 바지는 레귤러 핏부터 시작합니다.

라트로프는 
레귤러 핏보다
좁은 핏은 만들지 않으려고 합니다.

밑단으로 갈수록 
바지 통이 좁아지는 구조는

상체는 더 커보이고
하체는 상대적으로 빈약해
밸런스가 깨집니다.

또한 V자 실루엣은
시선을 하단으로 강하게 끌어내립니다.

키가 큰 체형은 
상체와 하체의 길이가 모두 길기 때문에
작은 비율 차이도 더 크게 드러납니다.

그래서 균형이 무너지면
왜곡 역시 더 크게 보일 수 있습니다.

밑단까지 
어느정도 폭을 유지하는 실루엣은
시선의 흐름을 자연스럽게 이어주고
전체 비율을 안정적으로 만들어줍니다.

그래서 라트로프는 
레귤러 핏부터 시작합니다.

키 큰 사람 옷은
좀 더 섬세하게, 계산적으로 설계되어야 합니다.
#라트로프",0,"04/16/2026 01:30",https://www.instagram.com/p/DXL5aqADXzi/,"Instagram 슬라이드",,"전체 기간",32297,14225,24,10,18,0,26
18570707278057709,17841407667602671,llatrof_lab,"LLATROF LAB","고객님이 이런 말씀을 해주셨습니다.

키가 큰 사람들은
맞는 옷을 찾는 것도 어렵고
가격도 더 부담되는 경우가 많습니다.

그래서 더 다양한 제품과
셋업, 커뮤니티에 대한 
의견을 남겨주셨습니다.

저희도 같은 고민을 하고 있었고
앞으로 꼭 풀어가야 할
방향이라고 생각합니다.

다만 지금은 라트로프를
더 많은 분들께 알리고

기준을 만들어가는 단계라고
판단했습니다.

그래서 우선
이 인스타그램을 통해
이야기를 나눠보려고 합니다.

댓글, DM으로 주시는 의견들을
제품과 브랜드가 나아가는 방향에
하나씩 반영해보겠습니다.

라트로프는 혼자 만드는 브랜드가 아닌
함께 만들어가는 브랜드가 되겠습니다.",0,"04/15/2026 01:30",https://www.instagram.com/p/DXJUppZiBef/,"Instagram 슬라이드",,"전체 기간",9459,4626,16,1,11,1,18
17986467164974918,17841407667602671,llatrof_lab,"LLATROF LAB","폴리에스터, 바지에 왜 많이 쓰일까요?

요즘 바지를 구매하고 보면
폴리에스터가 
빠지지 않고 들어갑니다.

저렴한 소재라고 생각할 수 있지만
지금은 오히려 의도적으로
넣는 소재입니다.

이유는 단순합니다.
면 소재에 비해
형태 유지, 복원력이 탁월합니다.

무릎이 튀어나오는 걸 줄이고
핏이 흐트러지는 것을
잡아줍니다.

그래서 하루종일 입어도
주름이 덜 남고
핏이 쉽게 무너지지 않습니다.

물론 단점도 있습니다.
면보다 통기성이 떨어집니다.

그래서 대부분 면과 폴리에스터
혼방을 통해 균형을 맞춥니다.

통기성과 편리함을 갖춘 소재
직장인에게는 최고의 선택입니다.",0,"04/14/2026 01:30",https://www.instagram.com/p/DXGv1XQlZEe/,"Instagram 슬라이드",,"전체 기간",8503,5468,17,0,5,0,17
17966798739058605,17841407667602671,llatrof_lab,"LLATROF LAB","제품을 늘리기 전에 해야할 일이 생겼습니다.

올해 중으로 다양한 바지를
출시하려고 했습니다.

직원들과 미팅을 하다보니
제품을 늘리는게 맞는지 
의문이 들었습니다.

지금 필요한 건
제품을 늘리는 것이 아니라
사이즈를 먼저 늘리는 것이었습니다.

현재는 제품마다
2~3가지 사이즈만 판매하고 있지만

더 다양한 체형을 고려하기에는
충분하지 않았습니다.

제품을 늘리기 전에
더 많은 분들이 편하게 입을 수 있도록
사이즈를 먼저 확장하려 합니다.

조금 더 세분화된 사이즈로
다양한 체형에 맞는 기준을
만들어가겠습니다.

제품을 늘리기보다
더 많은 분들께 맞는 기준을
먼저 만들겠습니다.",0,"04/14/2026 01:06",https://www.instagram.com/p/DXGtJUFkqwr/,"Instagram 슬라이드",,"전체 기간",21481,8676,16,1,9,0,14
18095932034016688,17841407667602671,llatrof_lab,"LLATROF LAB","그동안 많은 후기를 남겨주셨습니다.

라트로프라는 브랜드를 시작하고
제품을 판매하면서
많은 분들이 후기를 남겨주셨습니다.

감사하게도 대부분의 후기가
좋은 내용이었습니다.

“바지 중에 가장 맘에 들어서
추가 구매 예정이에요!”

“재질, 디테일 모두 완벽합니다.
키 큰 사람 기장까지 완벽”

“이 상품이 벌써 3번째 구매입니다.”

제품의 모든 부분이
완벽할 수는 없고

다양한 체형의 사람을 
완벽하게 커버하기에는
어려움이 있었을 것입니다.

그럼에도 재구매를 해주시고
키가 큰 남자친구, 남편에게
선물해 주시는 여성분들도 생겼습니다.

라트로프는 이에 보답하기 위해 
수 많은 고객님들의 피드백을 기반으로
계속해서 수정하고 발전시키고 있습니다.

라트로프는 더 나은 방향으로
계속 만들어가겠습니다.",0,"04/10/2026 01:30",https://www.instagram.com/p/DW8cqpOD9EW/,"Instagram 슬라이드",,"전체 기간",10910,5593,10,1,8,0,9
18579772189041576,17841407667602671,llatrof_lab,"LLATROF LAB","흰 티셔츠 목이 누렇게 변했나요?

흰 티셔츠 오래 입다보면
땀과 피부의 기름으로 인해
목 부분이 누렇게 변합니다.

세탁기에 넣고 돌려도
다시 하얗게 돌아오지는 않습니다.

하얗게 돌리는 방법 어렵지 않습니다.
과탄산소다를 사용하면 됩니다.

손으로 만져봤을 때
뜨겁다고 느껴지는 온도의 
물을 준비해 주세요.

과탄산소다와 중성세제를 물에 넣어서
잘 풀어주세요.

티셔츠를 넣어서 
10분 정도 기다리면 됩니다.
그리고 칫솔로 부드럽게 문질러 주세요.

깨끗한 물로 여러번 행궈주세요.
마지막으로 구연산을 섞은 물로 행궈
과탄산소다를 중화시켜주면 좋습니다.

내일은 깨끗해진 옷을 입고 
기분 좋은 하루를 보내보세요.",43,"04/09/2026 01:30",https://www.instagram.com/reel/DW534-vjfei/,"Instagram 릴스",,"전체 기간",2329,2060,17,5,13,0,38
18105095645499132,17841407667602671,llatrof_lab,"LLATROF LAB","청바지 오래 입는 관리 방법

청바지는 어떻게 관리하느냐에 따라
수명이 크게 달라집니다.

자주 세탁하지 말기

땀을 많이 흘렸거나, 얼룩이 생겼을 때
꼭 필요할 때만 세탁하고
평소에는 바람이 잘 통하는 곳에 걸어서 보관하세요.

뒤집어서 세탁하기

부득이하게 세탁할 경우
꼭 뒤집어서 단독으로 세탁하세요.
겉면 마찰이 줄어 색 빠짐, 원단 손상이 줄어듭니다.

찬물 + 약하게 세탁하기

뜨거운 물과 강한 탈수는
변형의 원인이 됩니다.
울코스로 세탁하는 것을 추천합니다.

건조기 대신 자연 건조

열로 건조하면 청바지가
수축하거나 변형이 쉽게 생깁니다.
환기가 잘 되는 곳에서 건조해 주세요.

청바지는 세탁보다 보관을 잘해야 합니다.
좋아하는 청바지 오래 입어보세요.

#데님 #라트로프",0,"04/08/2026 01:30",https://www.instagram.com/p/DW3TECPE-Vt/,"Instagram 슬라이드",,"전체 기간",4342,8220,24,13,9,0,36
17953010534962509,17841407667602671,llatrof_lab,"LLATROF LAB","큰 키는 정확히 얼마일까요?

사람마다 기준은 조금씩 다릅니다.

어떤 사람에게는 크고
어떤 사람에게는 그렇지 않습니다.

같은 키라도 주변 사람들에 따라
느껴지는 크기는 달라집니다.

그래서 ‘큰 키’라는 기준은
단순한 숫자보다
상대적인 체감에 가깝습니다.

문제는 
이 기준이 애매하다는 점입니다.

그래서 실제로는
딱 맞는 옷을 고르기가 더 어렵습니다.

그래서 라트로프는 
숫자가 아닌 체형과 비율을 기준으로 
사이즈를 설계하고 있습니다.

기장뿐만 아니라
허벅지, 힙, 전체 실루엣까지

다양한 요소를 함께 고려해
바지를 만들어가고 있습니다.

기준이 애매했던 경험이 있다면
여러분의 의견을 들려주세요.

더 많은 사람이 더 잘 맞을 수 있는
기준을 함께 만들어가겠습니다.",0,"04/07/2026 01:30",https://www.instagram.com/p/DW0uRCCD1qh/,"Instagram 슬라이드",,"전체 기간",4433,8550,14,2,8,1,8
18090087341585693,17841407667602671,llatrof_lab,"LLATROF LAB","공장 사장님들이 매번 여쭤봅니다.

생산을 진행할 때마다
한 번씩 꼭 나오는 질문이 있습니다.

“이 기장 맞으신 거죠?”
”다른 거래처보다 원단이 1.3배가 더 들어가네요.”

키가 큰 사람을 기준으로
설계된 길이이기 때문입니다.

허벅지와 힙에 여유를 주고
자연스러운 핏을 위해서는
기존보다 더 많은 원단이 필요합니다.

특히 키가 큰 체형을 고려하면

기장뿐만 아니라
전체 비율 자체가 달라집니다.

그래서 같은 바지라도
원단 사용량이 더 늘어납니다.

그만큼 생산 비용도
자연스럽게 올라가지만

가능한 선에서
가격은 합리적으로 맞추려고 합니다.

비용은 더 들어가지만
우리는 이 기준을 지켜나갑니다.",0,"04/06/2026 01:30",https://www.instagram.com/p/DWyJeHBjdya/,"Instagram 슬라이드",,"전체 기간",60685,19526,37,13,29,0,54
18112180078783644,17841407667602671,llatrof_lab,"LLATROF LAB","옷 잘 입었다는 말 언제 나올까요?

옷 잘 입었다는 말 
언제 듣는지 아시나요?

비싼 옷을 입었을 때도 아니고
유행을 잘 따라갔을 때도 아닙니다.

그냥 봤을 때
그 사람의 이미지와 잘 어울리고
자연스러워 보일 때

체형에 맞는 알맞은 사이즈의 옷을 입었을 때

그 때 나옵니다.

꾸민 느낌보다
어울리는 느낌이 중요합니다.

결국 옷은 잘 입는 것보다
잘 어울리고
잘 맞는 것이 먼저입니다.",28,"04/04/2026 01:31",https://www.instagram.com/reel/DWs__R3ier9/,"Instagram 릴스",,"전체 기간",2384,2172,16,3,16,0,13
17943757397997861,17841407667602671,llatrof_lab,"LLATROF LAB","바지는 몇 개나 가지고 있는게 좋을까요?

옷장에 바지는 많은데

막상 입는 바지는
항상 비슷합니다.

결국 자주 입는 바지는
편하고 어디에나 무난한 바지입니다.

그래서 중요한 것은
개수가 아니라 기준입니다.

- 부담 없이 입을 수 있는 바지
- 여러 상황에 어울리는 바지
- 하루 종일 편한 바지
- 어떤 상의와도 잘 어울리는 바지

이 네 가지만 충족하면 충분합니다.

많이 사는 것보다
자주 입을 수 있는 바지를
옷장에 채워가는 것이 중요합니다.

오늘은 옷장에 기본 아이템이 충분한지
살펴보는 것은 어떨까요?",0,"04/03/2026 01:30",https://www.instagram.com/p/DWqbFsRDWlm/,"Instagram 슬라이드",,"전체 기간",2401,3751,16,0,8,0,20
18092157005163783,17841407667602671,llatrof_lab,"LLATROF LAB","허벅지, 엉덩이가 발달한 체형이라 옷이 불편했다면

바지를 입을 때마다

허벅지나 엉덩이가 끼거나
움직일 때 불편했던 경험

한 번쯤은 있으셨을 겁니다.

핏은 맞는 것 같은데

앉거나 걸을 때
당기고 걸리는 느낌

결국 하루종일 신경 쓰이고 불편합니다.

그래서 사이즈를 올리면

허리는 남고
기장은 너무 길어지기도 합니다.

그래서 만들었습니다.
투 턱 와이드 스웻팬츠

허벅지와 힙 공간을 확보하면서
여유는 있지만 과하게 퍼지지는 않습니다.

1제곱미터 당 330g의 
밀도 높은 탄탄한 원단을 사용해
너무 트레이닝 팬츠 같지는 않습니다.

그래서 어느 정도 복장이 
자유로운 회사라면
충분히 입고 출근할 수 있습니다.

다양한 체형, 다양한 상황

모든 것을 고려하는 
브랜드가 되는 것이 목표입니다.

라트로프",0,"04/02/2026 01:30",https://www.instagram.com/p/DWn2S1VjVdd/,"Instagram 슬라이드",,"전체 기간",1438,11275,15,28,4,0,13
18074227763559314,17841407667602671,llatrof_lab,"LLATROF LAB","결혼식 많은 계절 봄 
이런 옷은 꼭 피하세요.

결혼식에서 중요한 건

잘 보이는 것보다
튀지 않고 어색하지 않은 것입니다.

스웻셔츠, 후드티처럼 너무 캐주얼한 옷

편하긴 하지만
자리와 어울리지 않습니다.

조금 더 단정해 보이는
차분한 톤의 니트나 셔츠를 추천합니다.

계절과 맞지 않는 정장

두꺼운 소재는
봄과 어울리지 않습니다.

봄에는 코튼이나 울 혼방과 같은 
상대적으로 얇은 소재를 선택하세요.

과한 액세서리 혹은 튀는 포인트

여러 개의 반지, 두꺼운 목걸이나 팔찌는
시선을 분산시킵니다.

결혼식이라면 액세서리는 빼거나
시계 하나 정도로 충분합니다.

결혼식이라면 튀지 않아도 됩니다.

그 자리에 자연스럽게 어울리는 것
그게 가장 좋은 선택입니다.",0,"04/01/2026 01:30",https://www.instagram.com/p/DWlRfkNDZBZ/,"Instagram 슬라이드",,"전체 기간",1511,5415,13,1,0,0,7
17864177226612262,17841407667602671,llatrof_lab,"LLATROF LAB","출근할 때 결국 이 바지만 입게 됩니다.

출근할 때마다
옷은 많은데 

막상 손이 가는 건
항상 비슷합니다.

너무 캐주얼하면
출근용으로 애매하고

너무 포멀하면
부담스럽습니다.

그래서 결국 찾게 되는 건
캐주얼과 포멀의 사이입니다.

단정해 보이지만
편하기도 한 바지

과하게 와이드하지 않고
너무 슬림하지도 않은 핏

어디에 입어도
어색하지 않은 실루엣

출근, 미팅, 일상까지

하루를 다 소화해야 한다면
결국 이런 바지를 입게 됩니다.

과하지 않지만 부족하지도 않은
가장 자주 입게 되는 바지

세미 와이드 슬랙스

적절한 너비감의 슬랙스로
하루를 편하게 그리고 단정하게",0,"03/31/2026 01:30",https://www.instagram.com/p/DWistOogZjA/,"Instagram 슬라이드",,"전체 기간",3960,3913,21,2,12,0,20
18088005029192995,17841407667602671,llatrof_lab,"LLATROF LAB","청바지 안 빨아도 된다는 말 진짜일까요?

청바지는 
자주 안 빨수록 좋다는 말
들어보셨나요?

실제로 청바지를 거의
세탁하지 않는 사람들도 있습니다.

몇 달, 길게는 몇 년 동안
안 빠는 경우도 있습니다.

이유는 간단합니다.

색이 빠지고
원단이 약해지고
핏이 망가지기 때문입니다.

그래서 일부 브랜드에서도
”세탁을 최소화하라”고 말합니다.

특히 생지 데님은
세탁 자체가 변형의 시작입니다.

하지만 아예 안 빨아도 될까요?

결론부터 말하면 조건에 따라 다릅니다.
땀, 냄새, 오염이 생겼다면
반드시 세탁해야 합니다.

청바지는 안 빠는 옷이 아니라
세심하게 관리해야 하는 옷입니다.

청바지, 어떻게 관리해야
오래 입을 수 있을까요?

다음 편에서
자세히 알려드리겠습니다.",0,"03/30/2026 02:00",https://www.instagram.com/p/DWgLYJHAYeS/,"Instagram 슬라이드",,"전체 기간",1243,12826,17,7,3,1,6
18111517465825777,17841407667602671,llatrof_lab,"LLATROF LAB","바지, 기장만 맞으면 될까요?

바지 길이는 맞는데
어딘가 불편하고 이상해 보인 적 있나요?

앉을 때 불편하고
허리가 어색하게 올라가거나
다리가 너무 짧아보인다거나.

그 이유는 
밑위 길이 때문일 수 있습니다.

밑위란 허리 중심부터
가랑이 봉제선까지의 길이를 말합니다.

이 길이에 따라
착용감과 핏이 달라집니다.

밑위가 너무 짧으면
앉을 때 당기거나
허벅지와 엉덩이가 압박되고
움직임이 불편해질 수 있습니다.

반대로 밑위가 너무 길면
가랑이 부분이 처져 
걸을 때 허벅지에 쓸리고

앉을 때 앞 부분 원단이
과하게 접혀 불편해질 수 있습니다.

전체 기장에서 사타구니 아래의 
다리 부분이 짧아지기 때문에
다리가 짧아보일 수도 있습니다.
**

하지만 밑위는
단순히 숫자로만 
길다 짧다를 판단하기 어렵습니다.

같은 밑위라도
골반에 걸쳐 입을 수도 있고
배꼽 근처까지 
올려 입을 수도 있기 때문입니다.

그래서 바지를 고를 때
단순히 기장만 보는 것이 아닌
밑위 길이와 어디에 걸쳐 입을지
생각해 보세요.

추가로 어떤 스타일로 
입을지까지 고려한다면
바지를 고르는 기준이 
훨씬 분명해집니다.

다음에는 밑위에 따라 달라지는 
스타일링에 대해 이야기해 보겠습니다.

#라트로프",0,"03/30/2026 01:52",https://www.instagram.com/p/DWgKeQVkoBl/,"Instagram 슬라이드",,"전체 기간",1576,6035,10,0,5,0,14
18006202226853791,17841407667602671,llatrof_lab,"LLATROF LAB","분명 옷장에 넣기 전에 세탁했는데 냄새가 나요.

분명 세탁하고 잘 건조해서
옷장에 넣어뒀습니다.

그런데 오랜만에 꺼내보면
묘하게 쿰쿰한 냄새가 납니다.

세탁 문제라기보다
대부분 보관 문제입니다.

옷장은 생각보다 
공기가 잘 통하지 않습니다.

그래서 옷을 넣어두기만 하면
습기와 냄새가 옷 사이에 남게 됩니다.

특히 옷이 많을수록
냄새가 쉽게 베입니다.

옷 냄새를 줄이려면
보관 방법을 바꿔보세요.

- 옷 사이 간격 두기
- 매일 옷장 문 열어서 30분 환기
- 제습제나 탈취제 혹은 숯 넣어두기
- 알코올로 옷장 내부 닦아주기

좋은 향기, 좋은 기분으로
하루를 시작할 옷을 골라보세요.

#라트로프",0,"03/28/2026 01:30",https://www.instagram.com/p/DWa-U8dCXyf/,"Instagram 슬라이드",,"전체 기간",1642,2559,12,3,5,0,18
18369830890207735,17841407667602671,llatrof_lab,"LLATROF LAB","키 크다고 아무 옷이나 고르나요?

혹시 키가 커서 아무거나 입어도
괜찮아보일 것이라 생각하시나요?

전혀 아닙니다.

키가 커도 바지를 잘못 입으면
비율은 이상해 보이고
키는 작아보입니다.

키가 크더라도
더 커보이려고 해야 합니다.

중요한 것은 상하체의 비율과
하체에서 다리가 차지하는 비율입니다.

허리선이 낮고
기장이 애매하면 

다리는 짧아 보입니다.

키가 크다고
아무 옷이나 입는 것이 아니라

비율을 맞춰 입어야 합니다.",31,"03/26/2026 13:31",https://www.instagram.com/reel/DWXHPH0iec7/,"Instagram 릴스",,"전체 기간",3917,3076,9,2,7,0,7
17958272447932223,17841407667602671,llatrof_lab,"LLATROF LAB","라트로프에서 어떤 콘텐츠를 보고 싶으신가요?

@llatrof_lab 계정에 게시물을 올린지
어느덧 2개월이 넘었습니다.

다양한 패션 정보와
브랜드에 대한 이야기들을 
조금씩 올려왔습니다.

키가 큰 사람의 고민
패션 분야의 다양한 이야기
바지를 잘 고르는 기준

그리고 라트로프가 만들어지는 과정까지

앞으로도 더 다양한 이야기를 
보여드리려고 합니다.

그래서 여러분께 묻고 싶습니다.

라트로프에서 
어떤 콘텐츠를 보고 싶으신가요?

계절별 코디
옷 제작 과정
바지 잘 고르는 방법

찾기 귀찮았던 내용, 잘 안 나오는 정보
어떤 내용이라도 괜찮습니다.

댓글로 여러분의 고민을 남겨주셔도 됩니다.

여러분이 궁금해하는 이야기를
다음 콘텐츠로 만들어보겠습니다.

74일동안 함께해 주셔서 감사합니다.
앞으로도 잘 부탁드립니다.",0,"03/26/2026 01:30",https://www.instagram.com/p/DWV0vnqiOLr/,"Instagram 슬라이드",,"전체 기간",4499,2566,10,1,4,0,8
18106349401852311,17841407667602671,llatrof_lab,"LLATROF LAB","따뜻한 봄, 어떤 원단을 고르는게 좋을까요?

날씨가 따뜻해지면
옷도 달라져야 합니다.

두꺼운 겨울 원단 대신
가볍고 편안한 소재가 필요합니다.

봄에 가장 많이 선택되는 소재는
코튼입니다.

가볍고 통기성이 좋아
따뜻한 날씨에 편하게 입을 수 있습니다.

코튼의 가장 큰 장점은
자연스러운 착용감입니다.

피부에 부담이 적고
하루 종일 입어도 편안합니다.

또한 코튼은
계절 사이에 입기 좋은 소재입니다.

너무 두껍지도
너무 얇지도 않아
봄 날씨에 잘 어울립니다.

셔츠, 티셔츠, 팬츠까지

봄 옷장의 대부분은
코튼 소재로 채워집니다.

따뜻한 봄에는 가벼운 코튼과 함께
나들이 어떠세요?",0,"03/25/2026 01:30",https://www.instagram.com/p/DWTP8tfCPLd/,"Instagram 슬라이드",,"전체 기간",2642,2354,12,0,8,0,11
18098763601777574,17841407667602671,llatrof_lab,"LLATROF LAB","부자들의 패션 올드머니룩

여러분이 떠올리는
부자의 이미지는 어떤가요?

요트, 승마, 골프
여유로운 라이프스타일

어쩌면 우리가 생각하는
부자의 모습일지도 모릅니다.

이런 이미지를 보여주는 스타일
올드머니 룩

오랫동안 부를 유지해 온
가문에서 자연스럽게 나온
생활 속 스타일입니다.

올드머니 룩은 겉보기에 아주 단순합니다.
큰 로고도 화려한 디자인도 없습니다.

하지만 알고 보면
대부분 굉장히 비싼 옷입니다.

이 스타일을 ‘조용한 럭셔리’
(Quiet Luxury)라고 부르기도 합니다.

윤리적으로 채취한 원단
장인의 손길

눈에 보이는 로고, 디자인보다
퀄리티와 소재에 집중합니다.

차분한 색감
심플한 디자인
유행을 타지 않는 옷

그래서 더 자연스럽고 여유로워 보입니다.

화려함이 아닌
정돈에서 오는 우아함입니다.

#올드머니",0,"03/24/2026 01:30",https://www.instagram.com/p/DWQrJx4CHrY/,"Instagram 슬라이드",,"전체 기간",34882,51641,320,181,519,1,389
17982078872978999,17841407667602671,llatrof_lab,"LLATROF LAB","스웻팬츠, 하나로 충분한가요?

라트로프에서
가장 오래 만들고
가장 많이 만든 제품

기본 와이드 스웻팬츠

그동안 많은 선택과 
많은 대화를 통해 알게 된 것

‘기본’이라는 기준이
사람마다 다르다는 점이었습니다.

누군가는 조금 더 정리된 실루엣을 원하고
누군가는 여유로운 핏을 원합니다.
누군가는 구조가 있는 바지를 선택합니다.

세미 와이드 스웻팬츠

과하게 퍼지지 않고
곧게 떨어지는 실루엣

와이드의 여유는 남기되
담백하게 정리된 형태입니다.

와이드 조거 스웻팬츠

여유로운 실루엣 위에
밑단에서 한 번 더 정리했습니다.

조금 길어도 끌리지 않고
조금 짧아도 어색하지 않습니다.

투 턱 와이드 스웻팬츠

여유로운 와이드 핏에
투 턱 디테일을 더했습니다.

편안함 위에
구조를 더한 스웻팬츠입니다.

기본은 하나의 정답이 아닙니다.
각자에게 맞는 각자의 기준이 있습니다.
#라트로프

#스웻팬츠 #조거팬츠",0,"03/23/2026 01:30",https://www.instagram.com/p/DWOGWmXgZ6Y/,"Instagram 슬라이드",,"전체 기간",1649,2019,10,0,3,0,8
17906737833204184,17841407667602671,llatrof_lab,"LLATROF LAB","키 큰 사람을 위한 바지가 잘 안 보이는 이유

기장은 맞는데 허리가 크거나
허리가 맞으면 기장이 짧거나

그래서 계속 다른 바지를 찾습니다.

찾다 보면 돈은 돈대로 쓰고
막상 엄청 만족스럽지는 않습니다.

키가 큰 사람을 위한 바지는

처음부터 다르게 설계되어야 합니다.

라트로프의 바지는
대표 한 명의 키 큰 남자 체형으로 
만든 바지가 아닙니다.

수 년간, 수만 명의 키 큰 고객을 만나면서

체형의 기준을 만들었습니다.

단순히 기장만 긴 바지가 아니라

전체 균형이 맞는 패턴이 됩니다.

키가 큰 체형을 고려해서
처음부터 설계한 바지입니다.

키 큰 남자라면
라트로프를 한 번 입어보세요.",38,"03/21/2026 01:31",https://www.instagram.com/reel/DWI80GtCixE/,"Instagram 릴스",,"전체 기간",25629,16090,40,14,38,0,32
18173240908354628,17841407667602671,llatrof_lab,"LLATROF LAB","실용성을 넘어 스타일이 된 카고팬츠

카고팬츠는(Cargo Pants)는
물건을 넣을 수 있는
큰 포켓이 특징인 팬츠입니다.

카고팬츠는 1930년대 영국 군복에서
처음 등장했습니다.

전투 중 필요한 장비를 휴대하기 위해
큰 포켓이 추가되었습니다.

이후 2차 세계대전에서
미국 군복에도 적용되면서

실용적인 군용 팬츠로
널리 사용되었습니다.

카고팬츠의 가장 큰 특징은
양쪽 허벅지에 있는 큰 포켓 디테일입니다.

예전에 이 포켓은 단순한 디자인이 아니라
실용성을 위함이었습니다.

군용 팬츠가 시간이 지나
지금은 스타일의 한 요소가 되었습니다.

좋은 디자인은
실용성에서 시작되기도 합니다.

오늘 뭐 입을지 고민된다면
카고팬츠는 어떠신가요?",0,"03/20/2026 01:30",https://www.instagram.com/p/DWGX-FhCDkm/,"Instagram 슬라이드",,"전체 기간",2876,2811,14,0,0,0,3
18071887220551854,17841407667602671,llatrof_lab,"LLATROF LAB","캠퍼스에서 시작된 클래식 프레피룩

프레피룩은 미국 명문 사립학교와
아이비리그 대학 캠퍼스에서 
시작된 스타일입니다.

프레피(Preppy)는

미국의 사립 예비학교
“Preparatory School”에서 
유래한 단어입니다.

이 학교 학생들의
단정한 스타일에서 시작되었습니다.

프레피룩의 대표 아이템

- 셔츠
- 니트
- 블레이저
- 치노 팬츠
- 로퍼

프레피룩은 과한 장식보다는
깔끔한 실루엣과 
정돈된 스타일이 중요합니다.

그래서 많은 시간이 지나도
지금까지 사랑받는 이유입니다.

트렌드는 변해도 클래식은 남습니다.
라트로프",0,"03/19/2026 01:41",https://www.instagram.com/p/DWD0ghwkgBz/,"Instagram 슬라이드",,"전체 기간",2688,5900,43,8,21,0,30
18061034339376469,17841407667602671,llatrof_lab,"LLATROF LAB","라트로프가 생각하는 좋은 옷

좋은 옷은 
디자인만으로 결정되지 않습니다.

보이지 않는 기준들이
완성도를 만듭니다.

좋은 옷은 잘 맞아야 합니다.

나의 체형에 잘 맞을 뿐만 아니라
나에게 주어진 상황까지

그리고 단순한 사이즈 수정이 아닌
체형과 의도에 맞춘 설계가 필요합니다.

좋은 옷은 디자인도 좋아야 하지만
편안해야 합니다.

움직임을 방해하지 않고
자연스럽게 몸에 맞아야 합니다.

좋은 옷은 소재가 좋아야 합니다.

한철 입고 버리는 옷이 아닌
2년, 3년 그 이상을 입을 수 있어야 합니다.

마지막으로 가격이 합리적이어야 합니다.

옷의 완성도와 가치가
가격에 정직하게 담겨 있어
입는 사람이 납득할 수 있어야 합니다.

라트로프는 여러 기준들을 동시에 봅니다.
입을수록 좋은 옷임을 느낄 수 있도록

#라트로프",0,"03/18/2026 01:36",https://www.instagram.com/p/DWBPCiqkiQ_/,"Instagram 슬라이드",,"전체 기간",2555,2437,9,3,7,1,12
17859768675669436,17841407667602671,llatrof_lab,"LLATROF LAB","부드러운 울의 대표 메리노 울

니트를 고를 때
촉감이 유독 부드러운 제품이 있습니다.

같은 울 소재라도 착용감이 다릅니다.

그 차이를 만드는 소재가
메리노 울입니다.

메리노 울(Merino Wool)은
메리노 양에서 얻는 
천연 울 섬유를 말합니다.

메리노 울은 
일반 울과 차이가 확실합니다.

일반 울보다 섬유가 가늘어

부드럽고, 피부 자극이 덜합니다.

또한 곱슬 구조의 섬유 덕분에
움직임에 따라 자연스럽게 늘어나고
다시 원래 형태로 돌아가는 탄성이 좋습니다.

울이라고 해서
모두 같지 않습니다.

섬유의 굵기 구조에 따라
많은 것이 변합니다.

그 차이를 가장 잘 보여주는 것이
메리노 울입니다.

집에 있는 니트가 메리노 울 소재라면
좋은 선택을 하신 것입니다.

#메리노울 #라트로프",0,"03/17/2026 01:44",https://www.instagram.com/p/DV-rQbzEp64/,"Instagram 슬라이드",,"전체 기간",2733,2418,16,0,5,0,12
17873421453557904,17841407667602671,llatrof_lab,"LLATROF LAB","또 한 주를 버텨낸 당신에게

이번 주도 수고하셨습니다.

아침마다 막히는 도로 위에서
사람 많은 대중교통 안에서
이미 하루를 시작하셨죠.

회의가 길어지고
예상치 못한 업무가 늘어나고
야근이 당연해진 날도 있었을 겁니다.

잠들기 전, 출근 전
내일은 뭐 입지, 오늘은 뭐 입지 고민하고
퇴근 후에는 세탁기를 돌리는 일상까지

특별한 일은 없었지만
결코 쉽지만은 않았던 한 주

그래도 또 한 주를 버텨냈습니다.
이번 주도 정말 수고 많으셨습니다.

그 누구보다 수고한 당신에게
응원과 편안한 주말을 보내주세요.",32,"03/13/2026 01:33",https://www.instagram.com/reel/DV0WvyplS68/,"Instagram 릴스",,"전체 기간",2292,2001,16,0,5,0,6
18010858823684470,17841407667602671,llatrof_lab,"LLATROF LAB","‘섬유의 제왕’이라 불리는 캐시미어

가을부터 겨울 그리고 봄까지
자주 입는 코트와 니트

비슷한 디자인이라도
유독 가볍고, 부드럽고, 따뜻한 제품이 있습니다.

그 차이는 원단에서 옵니다.

캐시미어(Cashmere)란
혹독한 추위를 견디는 캐시미어 산양의
겉털 안에서 자라는 얇고 섬세한 속털을 말합니다.

이 털은 봄철 털갈이 시기(4월 ~ 5월)에
수작업 빗질을 통해 채취됩니다.

모든 산양의 털이 캐시미어는 아닙니다.

- 섬유 굵기 19μm 이하
- 거친 겉털이 아닌 속털
- 부드럽고 균일한 섬도

이 기준을 충족해야 캐시미어로 인정됩니다.

많은 소재가 있지만 
캐시미어가 왜 섬유의 제왕이라 불릴까요?

- 가볍고 부드러움
- 보온성
- 통기성과 흡수성이 우수

이러한 특징들로 한 계절만이 아닌
여러 계절에 착용이 가능합니다.

희소성 또한 높습니다.

산양 한 마리에서 
연간 채취 가능한 원료는 약 150g

정제 과정까지 마치면 순수 캐시미어는
60g ~ 70g에 불과합니다.

캐시미어는 단순히 고급스러워서 
비싼 것이 아닙니다.

염격한 기준을 통과한 섬유이기 때문에
가치를 인정받은 것입니다.

어느덧 봄이 가까워졌습니다.
이번 봄에는 캐시미어 니트 한 장 어떠신가요",0,"03/12/2026 01:30",https://www.instagram.com/p/DVxxm-KD5Wb/,"Instagram 슬라이드",,"전체 기간",1974,3907,22,2,4,0,16
18171888352395561,17841407667602671,llatrof_lab,"LLATROF LAB","절제에서 오는 럭셔리 드뮤어룩

드뮤어(Demure)는
’조용한’, ‘얌전한’을 뜻합니다.

드뮤어룩은 
겸손하고 단정하며
절제된 느낌을 보여줍니다.

드뮤어룩의 핵심은 이것입니다.

- 노출을 최소화한 옷
- 심플한 디자인
- 고급스러운 소재
- 화려하지 않은 액세서리

눈에 확 띄지는 않지만
드뮤어룩은 안정감을 줍니다.

강한 개성보다
절제된 분위기를 선택합니다.

드뮤어는 꼭 비싼 옷이 아니어도 됩니다.
중요한 것은 심플한 디자인, 단정한 핏
그리고 전체적인 조화입니다.

드뮤어룩의 장점은
심플하고 단정해
출근룩으로도 무리가 없다는 것입니다.

과하지 않으면서도
가벼워 보이지 않는 인상을 만들어 줍니다.

오늘은 뭐 입지 고민이 된다면
드뮤어룩 한 번 시도해 보세요.",0,"03/11/2026 01:30",https://www.instagram.com/p/DVvM09gDLg-/,"Instagram 슬라이드",,"전체 기간",48658,29318,135,8,220,0,215
18095670388956981,17841407667602671,llatrof_lab,"LLATROF LAB","우리는 타협하지 않기로 했습니다.

우리는 더 쉬운 길이
있다는 것을 알고 있었습니다.

소량 생산
낮은 리스크
적당한 타협

브랜드에게는 훨씬 안전한 선택입니다.

하지만 그 방식으로는
키 큰 사람들의 문제를
끝까지 해결할 수 없었습니다.

그래서 구조를 바꾸게 된 것입니다.

해외 생산으로 전환하며
초도 수량은 이전 대비 40배 늘었습니다.

그에 따라 리스크는 커졌고
부담도 함께 늘었습니다.

샘플은 수차례 폐기됐고
패턴은 계속 수정됐습니다.

“이 정도면 된다”는 선에서
멈추지 않았습니다.

우리는 단순히 기장이 긴 바지를
만드는 브랜드가 아니기 때문입니다.

효율을 선택하면
기준을 낮춰야 할 때가 있습니다.

우리는 그 선택을 하지 않았습니다.

기준은 낮추지 않습니다.
#라트로프",0,"03/10/2026 01:30",https://www.instagram.com/p/DVsoAkSk_Up/,"Instagram 슬라이드",,"전체 기간",4519,3019,13,4,10,0,13
17854457991596945,17841407667602671,llatrof_lab,"LLATROF LAB","키가 커도 비율은 자동이 아닙니다.

키가 크면 
대충 입어도 괜찮다고 착각합니다.

어차피 크니까
비율도 좋아 보일 거라고

하지만 그렇지 않습니다.

키와 비율은 다른 문제입니다.

180cm 후반이라도
상체가 길어 보이면
그 키만큼 커 보이지 않습니다.

반대로 170cm 초반이어도
하체가 길어보이면 
더 커보입니다.

키가 크다는 건 유리한 조건일 뿐
자동 완성은 아닙니다.

과하게 내려온 밑위
애매한 기장

큰 키도 짧아 보이게 만듭니다.

특히 바지는 더 중요합니다.

상체는 레이어드 등
보완 방법이 다양하지만
하체는 바지 하나로 결정됩니다.

기장, 허리선, 핏
이 세 가지가 비율을 만듭니다.

키가 크다고 옷을 대충 입어도 된다는
말은 없습니다.

큰 키는 무기입니다.
제대로 써야 합니다.

#비율 #라트로프",0,"03/09/2026 01:31",https://www.instagram.com/p/DVqDUaxkgjs/,"Instagram 슬라이드",,"전체 기간",750,10353,20,11,2,1,8
17978186618821953,17841407667602671,llatrof_lab,"LLATROF LAB","봄이 왔는데 바지는 아직 겨울인가요?

날씨는 가벼워졌는데

바지는 아직 무겁습니다.

계절이 바뀌면 상의와 함께
바지도 바껴야 합니다.

두께, 원단, 색감
봄에는 다 달라져야 합니다.

추운 겨울 버티느라 수고했습니다.

옷도 한 겹 덜어내고 가볍게

당신의 하루도 
함께 가벼워지길 바랍니다.",25,"03/07/2026 00:31",https://www.instagram.com/reel/DVk5wVWjpXk/,"Instagram 릴스",,"전체 기간",2372,2411,13,0,0,1,7
18102923413911644,17841407667602671,llatrof_lab,"LLATROF LAB","포기하기로 결정했습니다.

기장만 늘린 제작으로는 
한계를 넘을 수 없었습니다.

문제는 제품이 아니라 구조였고
이대로는 더 나은 제품도, 퀄리티도
만들 수 없다고 판단했습니다.

그래서 직접 움직였습니다.

여러 전문가와 공장을 만났고
단순 의뢰가 아닌
문제를 어떻게 해결할 것인지를 설명했습니다.

단순히 기장을 늘리는게 아닌
체형을 설계해야 한다고.

여러 어려운 점이 있었지만
저희에게도 전환점이 찾아왔습니다.

대형 데님 브랜드 디렉터
다수 브랜드 생산 구조를 
설계해 온 실무진과 함께
라트로프가 가진 문제를 점검했습니다.

설계 방향과 구조를 
하나씩 검증해 나갔습니다.

검증된 생산처와 직접 협업해
수차례의 원단 선정 패턴 수정까지
완성도를 끌어올렸습니다.

초도 수량은 이전 대비
약 40배나 증가했습니다.

우리의 리스크는 커졌지만
선택지는 넓어졌고 완성도는 올라갔습니다.

그 결과
더 나은 품질의 제품을
보다 합리적인 가격으로 
제안할 수 있게 되었습니다.

좋은 제품이 좋은 가격으로
전달되는 구조를
만들어갑니다.

라트로프",0,"03/06/2026 00:30",https://www.instagram.com/p/DViU1D5jS8a/,"Instagram 슬라이드",,"전체 기간",2976,3103,16,3,3,0,20
17908709634350693,17841407667602671,llatrof_lab,"LLATROF LAB","회식 후 옷에서 냄새 어떻게 빼죠?

고기 냄새, 술 냄새
어쩌면 담배 냄새까지

이너는 세탁할 수 있지만
패딩, 코트, 자켓 같은 아우터는요?

세탁소에 바로 맡길 수도 없고
집에 스타일러가 무조건 있지도 않습니다.

일단 그대로 옷장에 넣는 건
가장 피해야 할 방법입니다.

냄새는 시간이 지나면 사라지는게 아니라
섬유에 더 깊이 남습니다.

그리고 다른 옷까지 냄새가 베입니다.

1. 바로 걸어서 통풍시키기
집에 오면 옷걸이에 걸어서
창가나 통풍이 잘 되는 곳에 두세요.

가능하면 2~3시간
자연 바람에 노출시키는게 좋습니다.

2. 가볍게 스팀 주기
스팀 다리미가 있다면 
10 ~ 20cm 거리에서 가볍게.

고온으로 오래 쏘는 것보다
짧고 여러 번이 더 안전합니다.

3. 세탁소 비닐과 드라이기
옷에 섬유탈취제를 뿌리고
세탁소 비닐을 씌우세요.

그리고 드라이기로 따뜻한 바람을
1 ~ 2분간 불어넣으면 냄새 분자가 증발합니다.

이 방법은 급한 경우에만 쓰세요!
원단이 망가질 수 있습니다.

회식은 잊혀지지만
냄새는 남습니다.

옷을 관리하는 습관이
당신의 인상을 지킵니다.",0,"03/05/2026 00:30",https://www.instagram.com/p/DVfwE_qghxG/,"Instagram 슬라이드",,"전체 기간",1345,8009,19,5,9,0,25
18075068108575579,17841407667602671,llatrof_lab,"LLATROF LAB","키 크면 아무거나 입어도 
‘평균 이상은 하겠지' 생각하시나요?

키 크면 뭘 입어도 
괜찮을 거라고 생각하죠?

현실은 다릅니다.
키로 커버되는게 아니라 
문제가 더 잘 보입니다.

문제는 스타일이 아닙니다.
기준이 다른데 
같은 옷을 입고 있다는 것

키 큰 사람에게 옷은 
단순히 ‘사이즈 문제'가 아닙니다.
키 큰 사람만을 위한 
다른 기준이 필요합니다.

라트로프는 키 큰 사람의 기준으로 
처음부터 다시 만듭니다.

키가 큰 것이 오롯이 
장점이 될 수 있도록",0,"01/12/2026 00:30",https://www.instagram.com/p/DTZ2syxAalW/,"Instagram 슬라이드",,"전체 기간",3321,5190,9,10,17,0,12
17913640608142427,17841407667602671,llatrof_lab,"LLATROF LAB","진작 알았으면 몇 백은 아꼈을 텐데요.

허리를 맞추면 기장이 짧고
기장을 맞추면 허리가 컸습니다.

“조금 아쉽지만 그냥 입자.”
그 선택이 계속 반복됐습니다.

“바지 기장만 길고 퀄리티나 핏
혹은 편하지 않았다면 재구매가 없었을텐데
라트로프는 신경쓴게 보여요.
진작 알았으면 몇 백을 아꼈을 텐데요.”

기장만 늘린 바지는 이미 많습니다.

하지만 핏과 퀄리티 그리고 착용감까지
따라오지 않으면
결국 한 번으로 끝납니다.

라트로프는 모든 부분에서
만족할 수 있도록 설계합니다.",0,"03/03/2026 00:30",https://www.instagram.com/p/DVamc5XjyeV/,"Instagram 슬라이드",,"전체 기간",13208,6441,10,0,13,0,16
17908944774348104,17841407667602671,llatrof_lab,"LLATROF LAB","오늘도 출근…뭐 입고 나가지?

출근 전에 항상 이 생각하지 않나요?
”오늘 뭐 입지?”

오늘 미팅도 있고 저녁에는 약속도 있어
대충 입을 수도 없습니다.

아침에는 시간도 없는데 

고민은 오래 갑니다.

그래서 출근 바지는
고민을 줄여주는 옷이어야 합니다.

설명하지 않아도 되고
어디에서도 어색하지 않은 것

출근 전 5분을 줄여주는 것
그게 직장인의 바지입니다.",27,"03/01/2026 00:31",https://www.instagram.com/reel/DVVc84uDnZ_/,"Instagram 릴스",,"전체 기간",1164,1133,8,0,0,0,4
17848477332662823,17841407667602671,llatrof_lab,"LLATROF LAB","취업하고 나니 원래 입던 스타일이 조금 부담스럽나요?

취업하고 회사에 다니다 보면
옷장에서 가장 먼저 고민하게 됩니다.

예전에는 아무 생각 없이 입던 옷이
어느 순간부터는 조금 부담스럽게 느껴집니다.

너무 캐주얼하면 가벼워 보일 것 같고
스트릿은 철 없어 보일까 고민됩니다.

그렇다고 정장을 매일 입기엔
또 다른 부담이 됩니다.

점점 로고는 작아지고
색은 차분해집니다.

스타일은 덜어내는 방향으로 바뀝니다.

이 시기의 패션은 
화려함보다는 균형감입니다.

회사에서도 어색하지 않고
퇴근 후 약속에서도 신경 쓴 느낌

그 사이 어딘가를 찾아가는 과정입니다.

나이에 맞는 옷이 아니라
상황에 맞는 옷을 찾아가는 시기입니다.

그 변화가 시작되면
패션은 훨씬 안정됩니다.

이제 막 사회에 들어선 20대도
경험이 쌓여가는 30대도

자신의 기준을 만들어가는
모든 직장인을 응원합니다.",0,"02/27/2026 00:30",https://www.instagram.com/p/DVQTRTMD8AJ/,"Instagram 슬라이드",,"전체 기간",1296,8385,23,24,10,0,12
18161395258410708,17841407667602671,llatrof_lab,"LLATROF LAB","저희 바지 한 번만 소개하겠습니다!

안녕하세요!
처음으로 저희 제품을 
짧게 소개드리겠습니다.

라트로프 초창기 제품 중에 카고팬츠가 있습니다.
보통은 슬랙스부터 시작하는데 
저희는 카고팬츠부터 만들었습니다.

이유는 단순합니다!
키 큰 분들이 실제로 가장 많이 찾는
바지였기 때문입니다.

편한데 마냥 편해 보이지는 않게
막 입었지만
집 앞 복장은 아닌 바지를 원했습니다.

그래서 카고 포켓의 크기와 각도를 다시 잡았습니다!
앞에서 봤을 때 주머니 때문에 튀어나와 보이지 않게
전체 볼륨을 줄였습니다.

편안함을 위해 뒷주머니의 포켓 플랩을
과감히 삭제했습니다.

허리에도 디테일을 추가했습니다!
같은 키라도 허리 사이즈는 전부 다르니까
간단하게 조절할 수 있도록 만들었습니다.

물론 기장도 최소 114cm로 설정했습니다.

원단은 가볍지만
잦은 착용에도 버틸 수 있는
고밀도 원단을 사용했습니다.

제품 홍보가 너무 길면 재미없으니깐
여기까지만 하겠습니다!
지루할 수 있는 콘텐츠 봐주셔서 감사합니다!

그리고 저희 인스타그램 계정도
관심 가져 주셔서 감사드립니다!",0,"02/26/2026 00:30",https://www.instagram.com/p/DVNueRijXgU/,"Instagram 슬라이드",,"전체 기간",1743,2971,13,1,4,0,9
17955038765935476,17841407667602671,llatrof_lab,"LLATROF LAB","처음 만든 바지, 실패였습니다.

기존 도매 제품에서
기장만 늘린 제작을 했습니다.

고객 반응은 좋았습니다.
하지만 내부적으로는
만족이 되질 않았습니다.

이유는 분명했습니다.

기장을 늘린다고
옷이 바뀌지는 않았기 때문입니다.

실루엣과 핏에는 
근본적인 한계가 있었습니다.

제작 구조에도 문제가 있었습니다.

초도 수량은 적었고
그만큼 원가는 높아졌습니다.

원단과 공장은 선택할 수 없었고
퀄리티 이슈는 반복됐습니다.

디테일을 더할 수도
사이즈를 넓힐 수도 없었습니다.

허리 조절 같은 디테일은 불가능했고
사이즈는 많아야 2가지가 한계였습니다.

키는 같아도 체형이 다른 사람들을
담아낼 수 없었습니다.

만들었지만
해결되지는 않았습니다.

‘제작’이라는 형식만으로는
문제를 넘을 수 없었습니다.

그 때 알게되었습니다.

제작이 무조건적인 답이 아니라
제대로 된 제작이 필요하다는 것을

구조부터 다시 시작하기로 결심했습니다.
라트로프",0,"02/25/2026 00:30",https://www.instagram.com/p/DVLJrSajSyx/,"Instagram 슬라이드",,"전체 기간",2976,4806,22,3,18,0,16
18555445999065519,17841407667602671,llatrof_lab,"LLATROF LAB","옷보다 먼저 기억되는 건 냄새입니다.

우리는 옷을 보고
사람을 판단한다고 생각합니다.

맞는 말입니다.
하지만 그보다 먼저 남는 것이 있습니다.

아무리 잘 입어도
가까워졌을 때 냄새가 나면
패션은 기억되지 않습니다.

옷을 잘 입는 것도 중요하지만
체취부터 관리하는 것이 먼저입니다.

체취 관리는 좋은 향수를 
많이 뿌리는 것이 아닙니다.

좋은 향을 더하는 것이 아니라
불편함을 남기지 않는 것입니다.

가장 기본적인 것부터 점검해 보세요.

- 겨드랑이, 목 뒤, 귀 뒤 깨끗하게 씻기
- 샤워 후 완전 건조
- 이너웨어 매일 갈아 입기
- 옷은 완전히 말린 뒤 착용

향수는 마지막입니다.

생활습관도 영향을 줍니다.

- 물 충분히 마시기
- 약산성 보습제 사용
- 기름진 육류 섭취 줄이기
- 채소, 과일 섭취

작은 습관이 공기를 바꿉니다.

직장, 엘레베이터, 대중교통 등
생각보다 우리는 가까이 서 있습니다.

패션은 눈으로 시작하지만
인상은 거리에서 결정됩니다.

좋은 패션을 보여주고 싶다면
좋은 공기부터 남기세요.",0,"02/24/2026 00:30",https://www.instagram.com/p/DVIk4ZFGegX/,"Instagram 슬라이드",,"전체 기간",844,3560,15,2,0,0,8
18056938373388215,17841407667602671,llatrof_lab,"LLATROF LAB","다리가 길어보이고 싶다면 이렇게 입으세요.

다리가 길어보이는 건
키보다 비율의 문제입니다.

비율은 옷으로 충분히 조정할 수 있습니다.

1. 허리선을 올리세요.
허리선이 올라갈수록
다리는 길어 보입니다.

하이웨스트 혹은 허리선이 위에 오는 바지는
하체 비율을 가장 크게 바꿉니다.

2. 상의는 살짝 짧게
상의 기장이 길면
상체 비율이 늘어나 보입니다.

상의를 넣어 입거나
기장이 짧은 상의를 고르세요.

허리선이 드러나면
다리는 자연스럽게 길어보입니다.

3. 신발 색은 바지와 비슷하게
바지와 신발의 색이 다르면
발목에서 시선이 끊깁니다.

톤을 맞추면
시선이 끊기지 않아
다리가 더 길어 보입니다.

4. 발목은 ‘애매하게’ 보이지 않게
애매한 기장은
다리를 가장 짧아 보이게 만듭니다.

덮을거면 완전히 덮고
보일거면 복숭아뼈 아래 정도로 
기장을 맞추세요.

비율만 바꿔도 인상이 달라집니다.
#라트로프",0,"02/23/2026 00:30",https://www.instagram.com/p/DVGAFSejnYN/,"Instagram 슬라이드",,"전체 기간",2112,5176,18,2,12,0,13
18080690180599588,17841407667602671,llatrof_lab,"LLATROF LAB","얼죽코 스트레스 많이 받을거야

혹시 ‘얼어 죽어도 코트’인가요?

겨울이면 패딩보다
코트에 먼저 손이 가는 분들

이미 알고 계실 거에요.
코트 관리가 생각보다 번거롭다는 걸.

그래도 너무 어렵게 생각하진 않아도 됩니다.
조금만 신경 쓰면
좋아하는 코트 훨씬 오래 입을 수 있습니다.

코트 전용 옷솔을 하나 구비해 두세요.
그리고 외출하고 돌아오면 옷솔로 한 번 쓱

결 방향만 맞춰서 쓸어주면
먼지도 털어지고 깔끔해 보입니다.

봄이 오면 옷장에 넣기 전에
드라이클리닝 한 번

세탁소 비닐은 바로 벗겨주세요.
비닐은 편하지만 습기가 찰 수 있습니다.

부직포 커버로 먼지를 막고,
통풍을 유지하세요.
그리고 코트 사이에 습기 제거제 하나만 걸어주세요.

그리고 코트는 꼭
일반 옷걸이가 아닌
어깨 부분이 두꺼운 옷걸이를 사용해 주세요.

세탁소 옷걸이에 그대로 두는 건
코트 어깨를 망치는 가장 빠른 방법입니다.

관리가 어렵지 않으면
좋아하는 옷은 오래 갑니다.

#얼죽코 #라트로프",0,"02/22/2026 00:30",https://www.instagram.com/p/DVDbSPKCSEd/,"Instagram 슬라이드",,"전체 기간",1513,5638,30,2,3,0,20
17933190090188447,17841407667602671,llatrof_lab,"LLATROF LAB","다음 프로젝트, 여러분에게 묻습니다!

키 때문에 옷 고르다 포기한 적
몇 번이나 있나요?

한 번이 아니라
아마 여러 번일 겁니다.

디자인이 마음에 들어서 봤더니
사이즈가 다 안 맞았을 겁니다.

허리가 맞으면 기장이 짧거나
기장이 맞으면 허리가 크거나

결국 고른 옷은
”이 정도면 괜찮지” 하고
타협한 선택입니다.

입을 수는 있지만
마음에 들지는 않습니다.

라트로프는 
이런 포기에서 시작한 브랜드입니다.

그리고 지금
다음 기준을 고민하고 있습니다.

그래서 묻습니다.
어떤 옷이 필요한가요?

여러분의 이야기를 댓글에 남겨주세요.
진짜로 만들어 보겠습니다.

필요한 기준을 함께 만드는 브랜드
#라트로프",0,"02/21/2026 00:30",https://www.instagram.com/p/DVA2gB1jzLU/,"Instagram 슬라이드",,"전체 기간",2757,2908,9,0,1,1,12
18448503760096042,17841407667602671,llatrof_lab,"LLATROF LAB","잠깐 나갈 땐 편한 바지 입고 싶은데, 길이가 애매합니다.

편의점, 카페
집 앞에 잠깐 나갈 때

갈아입기엔 귀찮고
집에서 입던 그대로 나가자니
괜히 신경 쓰입니다.

겨우 찾아서 입어보면
어딘가 계속 어설퍼 보입니다.

생각한 것보단 짧아서
서 있을 때도, 앉아 있을 때도
발목이 애매하게 보입니다.

트레이닝 팬츠는 편하긴 하지만
늘 길이가 아쉽습니다.

한 사이즈를 올리면
끈을 조여도 허리가 남고

맞는 사이즈를 고르면
기장이 짧습니다.

편하게 쉬고 싶은 주말에는
옷도 고민 없이
입을 수 있어야 합니다.

그래서 주말에 입는 바지는
’편한지’보다
계속 신경 쓰이지 않는지가 중요합니다.

집 앞에서도, 하루종일도
편하게 입을 수 있는 바지라면
주말은 훨씬 편해집니다.

언제 어디서든 신경 쓰이지 않게
#라트로프",0,"02/20/2026 01:00",https://www.instagram.com/p/DU-VKm2CLYT/,"Instagram 슬라이드",,"전체 기간",2804,2925,11,0,4,0,11
18344752114224471,17841407667602671,llatrof_lab,"LLATROF LAB","잘 팔리는데도 계속 불만이었습니다.

운이 좋게도 제가 고른 제품들을
좋아해 주시는 분들이 생겼고
재구매도 후기도 쌓이기 시작했습니다.

그런데도 저는 
계속 마음이 편하지 않았습니다.

문제의 본질은 명확했습니다.
도매 구조에서는 
제품이 먼저 나오고
우리는 그 중에서 고를 수밖에 없었습니다.

필요한 걸 만드는 구조가 아니라
나온 것 중에서 고르는 구조였습니다.

이 구조 안에서 
아쉬움은 계속 반복되었습니다.

핏과 종류는 늘 부족했고
같은 키라도 체중 차이로
허리 사이즈 문제는 해결되지 않았습니다.

무엇보다 퀄리티까지 우리가 선택할 수는 없었습니다.

이 한계들은 늘 같은 선택으로 돌아왔습니다.

키 큰 사람에게
정말 필요한 기준을 제품에 반영할 수 없다는 것

그래서 라트로프는 하나의 선택을 하게 됩니다.
직접 만들어 보는 것.

기준이 되기로 결심했습니다.
#라트로프",0,"02/20/2026 00:00",https://www.instagram.com/p/DU-ORJVEhiZ/,"Instagram 슬라이드",,"전체 기간",2787,3324,17,1,4,0,11
18097076611746250,17841407667602671,llatrof_lab,"LLATROF LAB","군인은 군복, 경찰은 근무복 그럼 직장인은?

월요일부터 금요일까지
가장 자주 입게 되는 바지

오래 앉아도 불편하지 않고
움직일 때도 거슬리지 않고
미팅 자리에서도 어색하지 않은 바지.

매일 입지만 튀지 않고 
굳이 설명하지 않아도 되는 바지가 필요합니다.

그래서 회사에서 입는 바지는
직장인에게 전투복이나 다름없습니다.

오늘도 전투에 나선 직장인을 응원합니다.

#직장인 #출근 #라트로프",25,"02/19/2026 00:31",https://www.instagram.com/reel/DU7tAQigrCf/,"Instagram 릴스",,"전체 기간",3464,2757,16,1,5,0,6
18411072484120519,17841407667602671,llatrof_lab,"LLATROF LAB","상세 페이지의 사이즈표 너무 믿지 마세요.

사이즈표 수치 믿고 바지 샀다가 한 번쯤 실패해보셨죠?

같은 사이즈이지만 실측이 다를 수 있습니다.

눕혀서 쟀는지
당겨서 쟀는지
자연스럽게 놓고 쟀는지

1~2cm는 쉽게 달라질 수 있습니다.

그래서 실측 사이즈는
정답이 아니라 참고값입니다.

숫자가 같다고 핏이 같은 건 아닙니다.

중요한 건 숫자가 아니라

어떤 체형을 기준으로 만들어진 바지인지가 중요합니다.

숫자보다 중요한 건 만든 방식입니다.

#라트로프 #사이즈",33,"02/18/2026 00:30",https://www.instagram.com/reel/DU5IKDEEWDK/,"Instagram 릴스",,"전체 기간",1978,1573,15,0,4,0,11
18355677067207185,17841407667602671,llatrof_lab,"LLATROF LAB","이 말에 대답하려면 이 방법 말고는 없었습니다.

“라인업 더 늘려주시면 다 사겠습니다”
“청바지 라인업도 더 제작해 주세요”

이 말들이 반복되기 시작했습니다.

그 말이 칭찬으로만 들리진 않았습니다.

알면서도 못 바꾸고 있다는 걸
계속 확인받는 느낌이었기 때문입니다.

하지 않으면 외면하는 거였고
하면 감당해야 할 게 분명히 있었습니다.

문제는 제품이 아니라 구조였습니다.

국내 소량 생산에서는
선택지를 늘릴 수 없었고

원단도, 패턴도
항상 ‘가능한 것’ 안에서만
골라야 했습니다.

그래서 라트로프는 생산 방식을 바꿨습니다.

국내 생산에서 해외 생산으로

초도 수량은 이전 대비 
약 25배로 늘어났습니다.

라인업을 늘려달라는 말에 
쉬운 선택은 아니었지만
외면하는 선택을 하진 않았습니다.

라트로프는 후기를 가벼이 넘기지 않았고
구조를 바꿨습니다.

고객과 함께 만들어갑니다.
#라트로프",0,"02/13/2026 00:30",https://www.instagram.com/p/DUsQJ2xghBK/,"Instagram 슬라이드",,"전체 기간",4362,2373,12,0,4,0,10
18091091747081992,17841407667602671,llatrof_lab,"LLATROF LAB","바지 다림질, 너무 열심히 할 필요 없어요

바지 다림질이 상의보다 어려우신가요?

그렇게 느껴지는 이유는
완벽하게 주름을 펴려는 생각에
괜히 힘이 더 들어가기 때문입니다.

하지만 정장 바지가 아니라면
너무 각 잡힌 다림질이 필요 없습니다.

다림질의 목적은
주름을 만드는 것이 아니라
인상을 정리하는 것입니다.

바지 다림질이 유독 어렵다면
이렇게만 해보세요.

1. 바지는 앞·뒤 중심선을 기준으로 놓아주세요

바지를 접을 때
옆선을 맞추는 것보다
앞·뒤 중심선을 기준으로 놓아주세요.

이렇게 놓으면 다림질 후에도
바지가 한쪽으로 돌아가 보이지 않습니다.

2. 무릎은 피해서 다리세요.

무릎 부분은 굳이 다리지 않아도 됩니다.

무릎 위와 아래만 가볍게 정리하고
무릎 부분은 가볍게 스팀만 주는 것이 좋습니다.

이렇게 하면 앉았다가 일어날 때
주름이 자연스럽게 돌아옵니다.

각을 만드는 건
정장 바지의 역할이고
일상 바지는 인상을 정리하면 충분합니다.

일상복에는 완벽함보다
여유가 잘 어울립니다.

#다림질 #라트로프",0,"02/12/2026 00:30",https://www.instagram.com/p/DUprWzuDz4k/,"Instagram 슬라이드",,"전체 기간",1332,4142,15,1,11,0,19
18092677526050562,17841407667602671,llatrof_lab,"LLATROF LAB","우리는 먼저 팔아봤습니다.

라트로프는 처음부터 만들지 않았습니다.

키 큰 남자라면
한 번쯤 이런 경험이 있습니다.
바지가 잘 맞으면 두 벌씩 사두고
마음에 드는 옷은 몇 년을 닳도록 입습니다.

그리고 더 이상 입을 수 없게 되었을 때
같은 옷을 다시 찾지 못합니다.

라트로프의 시작은 
‘만들고 싶어서’가 아니라
‘살 수 없어서’였습니다.

하지만 우리는 개인의 불편함으로
바로 제작을 시작하지 않았습니다.

키 큰 남자들이
진짜 원하는게 무엇인지
확인해야 했습니다.

그래서 우리는 판매부터 시작했습니다.

쇼핑몰 운영 업무 경험
동대문 도매 구조에 대한 이해
키 큰 남자 고객들의 반복된 선택

줄자를 들고 
동대문 밤시장을 직접 돌며
기장이 긴 바지를 계속 소싱했습니다.

그 결과는 분명했습니다.

지난 5년간
4만 명의 이야기와 선택을 먼저 만났습니다.

같은 이유로 바지를 찾고
같은 이유로 다시 돌아오는 사람들

계속 존재해 온 필요 때문입니다.

라트로프는 아이디어만으로 
시작한 브랜드가 아닙니다.

이미 쌓여 있던 선택과 구매
그리고 한계 위에서
시작했습니다.

선택의 기준이 된 브랜드
#라트로프",0,"02/11/2026 00:30",https://www.instagram.com/p/DUnGjIjgSVG/,"Instagram 슬라이드",,"전체 기간",4570,3488,10,5,7,0,9
18555689944041609,17841407667602671,llatrof_lab,"LLATROF LAB","작업복에서 탄생할 걸작, 지금은 기본이 되었습니다.

‘데님’은 원래 원단을 부르던 말입니다.
프랑스 남부 도시 님(Nîmes) 지역에서
생산한 질긴 면직물을 
'Serge de Nîmes’(님의 능직물)로 불렀습니다.

시간이 지나면서 ‘Serge de Nîmes’가 줄어들어
지금의 ‘Denim’이라는 단어가 탄생했습니다.

지금의 청바지를 결정적으로 만든 곳은
미국입니다.

1850년대 캘리포니아
광부들은 튼튼한 작업복이 필요했습니다.

이때 ‘리바이 스트라우스’와
재봉사 ‘제이콥 데이비스’가
데님 원단에 금속 고정장치를 더한 바지를 만들며
최초의 데님 팬츠가 탄생했다고 알려져 있습니다.

과거의 노동복이
유행과 브랜드의 경계를 넘어서
패션을 좋아하는 사람의 옷장에도
관심이 없는 사람의 옷장에도
자연스럽게 자리했습니다.

작업복으로 시작해
유행도, 스타일도 아니었던 옷

데님의 이야기는 지금부터 시작입니다.

#데님 #라트로프",0,"02/10/2026 00:28",https://www.instagram.com/p/DUkhhRVkoHj/,"Instagram 슬라이드",,"전체 기간",2344,4090,20,2,13,0,14
18085419251231597,17841407667602671,llatrof_lab,"LLATROF LAB","키 큰 남자친구 바지 선물, 왜 이렇게 어렵죠?

남자친구에게 옷을 선물해 본 적 있나요?

막상 고르려 하면
괜히 실패할까 봐 더 조심스러워집니다.

예쁜 바지를 찾았는데
남자친구 허리 사이즈에 맞추면
길이가 짧을 것 같고

다리 길이에 맞추면
허리가 너무 클 것 같습니다.

디자인만 보고 골라주고 싶은데
’잘 맞을까’가 
항상 먼저 떠오릅니다.

키 큰 사람에게
바지는 단순히 사이즈 문제가 아닙니다.

허리, 기장, 밑위
앉았을 때, 움직일 때까지

‘대충 맞는 바지’는 있어도
’나의 기준에 맞는 바지’는
생각보다 많지 않습니다.

키 큰 남자친구에게
바지를 선물한다는 건
예쁜 옷을 고르는 일이 아니라
생활에 맞는 기준을 고르는 일입니다.

남자친구도 알고 있습니다.
이 바지 하나를 고르기까지
얼마나 오래 고민했는지를

그 고민이 마음에만 남지 않고
자주 입는 옷이 되어
좋은 선물로 오래 기억되도록

라트로프는 입는 사람뿐 아니라
선물하는 사람의 마음까지
함께 생각합니다.

#라트로프 #선물 #남자친구",0,"02/09/2026 00:30",https://www.instagram.com/p/DUh896diOtB/,"Instagram 슬라이드",,"전체 기간",1130,5172,13,7,20,0,11
17847627915645230,17841407667602671,llatrof_lab,"LLATROF LAB","머플러는 단순히 따뜻하기만 하려고 하는 아이템이 아닙니다.

요즘 머플러를 한 사람들이
눈에 띄게 많아졌습니다.

물론
날씨가 추워진 것도
이유 중 하나겠죠.

하지만 머플러는
단순히 추위를 피하기 위해
선택되는 아이템은 아닙니다.

머플러는 옷의 밸런스를 맞춰줄 수 있는
중요한 아이템입니다.

심플한 스타일에는
패턴이나 색감이 있는 머플러로
포인트를 만들고

개성이 강한 스타일에는
어둡고 단정한 머플러로
전체를 정리합니다.

머플러는 나의 패션을 완성해 줍니다.

잘 고른 머플러는
”오늘 머플러 예쁘다”에 그치지 않고
”오늘 패션 좋다”는 인상을 남길 수 있습니다.

머플러는 꼭 목을 꽉 감싸지 않아도 됩니다.
가볍게 걸쳐 늘어뜨리는 것만으로도
충분히 스타일이 됩니다.

그동안 답답해서 
혹은 필요성을 느끼지 못해서
머플러를 하지 않았다면

이번 겨울에는 하나쯤 시도해 보셔도 좋겠습니다.

추위 때문이었다면
모두가 같은 머플러였을 것입니다.

당신을 드러내 보세요.

#머플러 #라트로프",0,"02/06/2026 00:30",https://www.instagram.com/p/DUaOkQzDAlj/,"Instagram 슬라이드",,"전체 기간",1062,4551,8,1,4,0,10
18140753791487492,17841407667602671,llatrof_lab,"LLATROF LAB","옷 잘 입는 방법은 의외로 단순합니다.

누구나 ‘옷 잘 입는다’라는 말은 듣기 좋습니다.
하지만 그 말에는
정확한 기준이 없습니다.

명품을 입는 것을 말하는지
패션쇼 같은 스타일을 뜻하는지

사람마다 떠올리는 기준은 
전부 다릅니다.

지금, 이 글을 보고 있는 
당신이 옷을 잘 입고 싶다면
이것부터 정해야 합니다.

내가 어떤 스타일을 추구하는지
어떤 모습으로 보이고 싶은지

단정하고 격식 있는 포멀한 패션인지
개성을 뚜렷하게 표현할 수 있는 스트릿 패션인지

어떤 스타일이 더 멋있느냐의 문제가 아닙니다.

기준 없이 여러 스타일을 섞을수록
옷은 점점 설명이 필요해집니다.

반대로 방향이 하나로 정리되면
선택은 쉬워지고 옷은 자연스러워집니다.

패션으로 나를 설명하세요.
#라트로프 

#패션 #스타일링",0,"02/05/2026 00:30",https://www.instagram.com/p/DUXpxyEDxjz/,"Instagram 슬라이드",,"전체 기간",1476,4827,24,5,22,0,26
18093590308960584,17841407667602671,llatrof_lab,"LLATROF LAB","군복에서 탄생한 걸작, 이미 옷장에 있습니다.

지금은 너무 익숙해서
특별하게 느껴지지 않지만

이 바지는 처음부터 일상을 위해 
만들어진 옷은 아니었습니다.

19세기 말 미군은 전쟁 이후
고온다습한 지역에 주둔하게 됩니다.

기존의 두꺼운 군복으로는
움직이기도, 버티기도
쉽지 않은 환경이었습니다.

해결책으로 선택된 것은
능직으로 짠 가볍고 통기성 좋은 면 원단이었습니다.

기존 군복보다 시원하고
땀 흡수가 뛰어났던 이 바지는
병사들의 반응이 즉각적이었습니다.

대량 매입한 중국산 원단으로 만들어진
이 새로운 면바지에는 
자연스럽게 이름이 붙었습니다.
치노팬츠.

‘치노(Chino)’는 
중국을 뜻하는 ‘차이나(China)’의 
스페인식 표현입니다.

당시 필리핀의 공식 언어가 
스페인어였기 때문이죠.

전장에서 태어난 바지는
시간이 지나 일상의 기준이 되었습니다.

치노팬츠는 처음부터 멋을 위해 
만들어진 옷이 아니라
버티기 위해 만들어진 옷이었습니다.

그래서 지금도
가장 현실적인 바지로
남아 있습니다.

당신의 옷장에 있는 치노팬츠

전장에서 시작해
일상까지 살아남은 바지입니다.

#군복 #치노팬츠 #라트로프",0,"02/04/2026 00:30",https://www.instagram.com/p/DUVE_L4jxrm/,"Instagram 슬라이드",,"전체 기간",1425,9432,22,5,10,0,11
17872708245426663,17841407667602671,llatrof_lab,"LLATROF LAB","옷은 세탁보다 건조에서 더 많이 망가집니다.

세탁이 끝나고 좋은 냄새가 나면
잘 관리했다는 느낌이 듭니다.

하지만 진짜 관리는
세탁이 끝난 순간부터입니다.

아무렇게나 걸어서 말리는 습관

젖은 옷을 축 늘어진 채로
걸어서 말리면 
그 형태 그대로 원단이 굳어갑니다.

특히 니트처럼 무게에 민감한 옷은
빨래 건조대나 의자에 걸어 말리기보다
편평한 곳에 펼쳐 말리는 것이 좋습니다.

햇빛에 오래 두는 습관

건조가 끝났는데도
정리하기 귀찮아서 
그대로 걸어두는 경우가 많습니다.

그 사이 햇빛은 냄새보다 먼저 옷의 색을 가져갑니다.

특히 어두운 색의 옷일수록
그늘에서 말리는 것이
안전합니다.

완전히 마를 때까지 건드리지 않는 습관
젖은 옷을 처음 걸어둔 상태 그대로
끝까지 말리는 경우가 많습니다.

하지만 옷은 80%쯤 마른 시점에
한 번 더 형태를 정리해 주지 않으면
주름과 늘어짐이 그대로 굳어집니다.

완전히 마르기 전 
한 번만 털어주고 라인을 잡아주는 것만으로도
핏은 크게 달라집니다.

건조는 마무리가 아니라
결정의 단계입니다.

#건조 #라트로프",0,"02/03/2026 00:30",https://www.instagram.com/p/DUSgLubiX85/,"Instagram 슬라이드",,"전체 기간",1036,8257,17,2,4,1,21
17872867863521777,17841407667602671,llatrof_lab,"LLATROF LAB","혹시 오늘도 데님 입었나요?

대부분의 사람은
이 질문에 바로 답할 수 있습니다.

의식하지 않았지만
오늘도 데님을 고르고 있었으니까요.

데님은 특별한 날이라서
선택되는 옷이 아닙니다.

설명이 필요 없고
어디에서나 무리 없이 잘 어울리며
실패를 걱정하지 않아도 됩니다.

좋은 데님은 눈에 띄지 않습니다.

핏이 과하지 않고
색이 튀지 않으며
움직임이 불편하지 않습니다.

우리가 자주 입는 옷은
멋도 있지만 신뢰에 가깝습니다.

어디에서도 실패하지 않을 것이라는 확신

데님은 그 역할을 가장 오래 해온 옷입니다.

언제 어디서든 편안하지만 멋있게
#라트로프 

#데님 #데일리룩",0,"02/02/2026 00:30",https://www.instagram.com/p/DUP7ZLlD706/,"Instagram 슬라이드",,"전체 기간",1712,5183,17,0,6,0,12
17921149629254612,17841407667602671,llatrof_lab,"LLATROF LAB","이렇게 세탁하면 얼마 못 입고 옷 버립니다.

자주 착용해서
세탁을 자주 해서
옷이 망가지는게 아닙니다.

대부분 잘못된 방식으로
계속 세탁합니다.

방식만 조금 바꿔도
좋아하는 옷을
훨씬 오래 입을 수 있습니다.

1. 한 번에 세탁기 가득 채워 세탁하기

세탁기 용량을 꽉 채우는 순간
옷끼리의 마찰이 급증하고
세제가 고르게 씻기지 않습니다.

옷을 아끼려면 
“한 번에 많이”가 아니라 
“적게, 자주”가 정답입니다.

2. 세탁기 코스는 강하게

강하게 세탁하면
깨끗해지는 느낌이지만
옷은 더 빨리 상합니다.

자주 입게 되는 일상복은
세탁, 행굼, 탈수 모두 약하게 돌려주세요.

3. 옷 뒤집지 않고 세탁하기

세탁기 안에서는 여기저기 옷이 부딪힙니다.
겉면이 직접 마찰을 받으면
원단은 빠르게 상합니다.

뒤집는 것 하나만으로도
옷의 수명이 달라집니다.

더해 세탁망까지 쓴다면 완벽합니다.
망 쓰면 세탁이 덜 된다”는 말은 오해입니다.
옷을 아끼는 목적이라면 세탁망은 필수 장비 입니다.

4. 세제 많이 넣기

세제가 많으면
더 깨끗하고, 냄새가 좋아진다고 착각합니다.

세제가 많을수록
원단에 잔여물이 남고 섬유가 뻣뻣해집니다.

너무 많지도 적지도 않게
지금 사용하는 세제통 뒤의 권장량을 확인하세요.

옷은 관리하는 만큼 버팁니다.

#세탁 #세제 #옷 #관리 #라트로프",0,"01/31/2026 00:30",https://www.instagram.com/p/DUKxzQKD8TC/,"Instagram 슬라이드",,"전체 기간",919,9084,26,3,5,0,28
17871024645435408,17841407667602671,llatrof_lab,"LLATROF LAB","이번 주말 결혼식, 뭐 입고 가야 하지?

결혼식 하객룩은
늘 비슷한 고민에서 시작됩니다.

너무 차려입으면 부담스럽고
너무 편하면
자리에 대한 예의가 없어 보일까 걱정됩니다.

그래서 하객룩에는
정답보다 상황에 맞는
선택지가 필요합니다.

결혼식에 무리 없이 어울릴 수 있는
두 가지 코디를 골라봤습니다.

네이비 or 그레이 재킷 + 화이트 셔츠 + 스트레이트 데님 블랙

재킷과 셔츠로
결혼식의 격식을 맞추고
블랙 데님으로 분위기를 조금 낮춘 조합입니다.

정장처럼 부담스럽지 않으면서도
하객룩으로는 충분히 단정합니다.

아이보리 or 크림톤 셔츠 + 차콜 브라운 치노 팬츠

아이보리나 크림 톤 셔츠는
전체 분위기를  조금 더 부드럽게 만들어줍니다.

차콜 브라운 치노 팬츠와 함께하면
톤이 과하게 대비되지 않고
결혼식 자리에도 차분하게 어울립니다.

어떤 자리에서도 자연스럽게 
#라트로프 

#결혼식 #하객룩",0,"01/30/2026 00:30",https://www.instagram.com/p/DUINAzhDzKF/,"Instagram 슬라이드",,"전체 기간",3742,4324,11,0,11,0,8
18172260928349667,17841407667602671,llatrof_lab,"LLATROF LAB","금요일에 꾸미면 회사에선 약속 있냐고 묻습니다.

금요일은 기분이 좋지만
이상한 요일이기도 합니다.

평소랑 크게 다르지 않은 패션이지만
조금만 달라지면 크게 눈에 뜁니다.

“퇴근하고 어디 가세요?""
“오늘 약속 있어요?""

금요일의 옷은
평일보다 먼저 말을 겁니다.

그래서 금요일에 옷 고르는 것이
가장 어렵습니다.

너무 꾸미면 부담스럽고
너무 편하면
약속에 성의 없어 보일까 고민됩니다.

회사에서도 어색하지 않고
퇴근 후에도 자연스러운 옷

금요일에 설명할 필요가 없다면
이미 충분한 상태입니다.

설명하지 않아도 되는 자연스러움
#라트로프 

#금요일 #데이트 #출퇴근",0,"01/29/2026 00:30",https://www.instagram.com/p/DUFoNeRjCD1/,"Instagram 슬라이드",,"전체 기간",922,7959,24,1,20,0,23
18062631296373206,17841407667602671,llatrof_lab,"LLATROF LAB","패션에 잘 어울리는 향수 어떻게 고르나요?

옷은 골랐는데
이 패션에 어울리는 향은
쉽게 떠오르지 않습니다.

잘 고른 향수는
패션을 한층 더 돋보이게 만들어줍니다.

시트러스, 가볍고 산뜻한 향

시트러스는 감귤류의 상큼하고 시원한 향입니다.
포멀한 룩보다 캐주얼한 룩과 잘 어울립니다.

린넨 셔츠에 
데님이나 치노 팬츠처럼
꾸민듯 꾸미지 않은 룩을 추천합니다.

머스크, 포근하고 따뜻한 향

머스크는 우리가 살냄새라고 부르는 향입니다.

그래서 옷이 튀지 않을수록
더 잘 살아납니다.

니트처럼 두께감이 있고
질감이 부드러운 옷을 추천합니다.

구어망드, 달콤하고 따뜻한 향

구어망드는 디저트의 향입니다.
구어망드를 대표하는 향수들은 섹시한 느낌을 주기도 합니다.
그래서 강렬한 인상을 남기기도 합니다.

편하게 입은 날보다는 차려입은 날에
상의는 레더 자켓, 각이 잡힌 코트, 재킷에
하의는 슬랙스나 벨벳 소재의 팬츠를 추천합니다.

우디, 묵직하고 안정적인 향

우디는 나무, 풀, 뿌리에서 느낄 수 있는 향입니다.
우디는 차분하고 깊은 인상을 남겨줍니다.

포멀한 룩을 추천합니다.
코트에 너무 넓지 않은 슬랙스, 니트와 같은 옷을
같이 코디하는 것을 추천합니다.

패션은 당신의 태도를
향은 당신의 여운을 남깁니다.

#향수 #시트러스 #머스크 #구어망드 #우디 #라트로프",0,"01/28/2026 00:30",https://www.instagram.com/p/DUDDa06jYbc/,"Instagram 슬라이드",,"전체 기간",2210,5707,21,8,5,0,40
17851839279594407,17841407667602671,llatrof_lab,"LLATROF LAB","지금도 다리 꼬고 있나요? 
체형 이전에 이게 먼저 무너집니다.

지금 이 글을 읽으면서도
다리를 꼬고 있나요?

생각보다 많은 사람들이
하루의 대부분을 같은 자세로 보냅니다.

문제는 자세만이 아닙니다.
다리를 꼬는 습관은
몸보다 먼저 옷에 남습니다.

한 쪽 무릎만 튀어나오고
주름이 한 방향으로만 깊어졌거나
바지가 돌아가 보이거나
핏이 비대칭으로 느껴진다면
자세를 의심해볼 필요가 있습니다.

다리를 꼬는 순간
허벅지·밑위·무릎·엉덩이 측면에는
한쪽으로만 압력과 마찰이 집중됩니다

여러분이 고민하고
시간을 들여 선택한 바지입니다.

그 선택이 조금 더 오래 남을 수 있도록
오늘의 습관도 잠시만 돌아보세요.

#체형 #라트로프",0,"01/27/2026 00:30",https://www.instagram.com/p/DUAeo3nCKAs/,"Instagram 슬라이드",,"전체 기간",3221,7588,8,14,8,1,16
18115687012609901,17841407667602671,llatrof_lab,"LLATROF LAB","드림워치를 골랐다면 패션은 심플하게

드림워치를 고른다는 건
단순히 시계를 산다는 것이 아닙니다.
이미 자신의 취향과 기준을
하나의 선택으로 정리한 것입니다.

그래서 드림워치를 고른 사람의 옷은
대체로 단순해집니다.
더하려 하기보다 덜어내는 선택

시계가 중심이 되는 순간 옷은 조용해집니다.
그 ‘조용함'의 결은 고른 시계에 따라 달라집니다.

Cartier | 산토스 드 까르띠에
정제된 클래식을 선택한 시계 

까르띠에의 산토스는 드 까르띠에는
더블 브레스티드 슈트와 함께 매치해 보세요.

산토스와 더블 브레스티드 슈트의 조합은
어느새 당신을 파리의 에펠탑 앞에 서 있는 장면으로 이끕니다.

TAG HEUER | 모나코 크로노그래프
대담한 개성을 선택한 시계

태그호이어의 모나코 크로노그래프는
하늘색 셔츠, 블랙 슬랙스와 함께 매치해 보세요.

모나코와 하늘색 셔츠, 블랙 슬랙스의 조합은
레이싱의 에너지를 과하지 않게 일상으로 끌어옵니다.

TISSOT | PRX
어디서든 어느 순간이든 균형을 선택한 시계

티쏘의 PRX는 자연스러운 너비감의 데님을 매치해 보세요.

PRX와 데님의 조합은 과하지도, 꾸미지 않은 것도 아닌
지금 우리의 일상에 가장 자연스럽게 스며듭니다.

드림워치는 스타일을 완성시키지 않습니다.
다만, 어떤 선택이 필요 없는지를 분명하게 알려줍니다.

#시계 #드림워치 #산토스 #모나코 #PRX #라트로프",0,"01/26/2026 00:30",https://www.instagram.com/p/DT951H6Ewrc/,"Instagram 슬라이드",,"전체 기간",2266,9218,25,9,16,0,29
18126967657552084,17841407667602671,llatrof_lab,"LLATROF LAB","온라인으로 바지 구매할 때
사이즈표를 봐도 감이 안 오는 이유

바지를 구매할 때
사이즈표를 봐도 여전히 헷갈립니다.

밑위, 인심 등
봐도 잘 모르겠다는 생각이 듭니다.

밑위는
앉았을 때의 편안함을 결정합니다.

밑위가 짧으면 앉을수록 당기고
움직일수록 불편합니다.

오래 앉아 있다면
꼭 체크해야 할 사이즈입니다.

인심은
다리 안쪽 길이입니다.

기장은 충분한데 바지가 짧아 보인다면
인심이 짧기 때문일 수 있습니다.

긴 다리를 돋보일 수 있게
다리의 비율을 만드는 기준입니다.

허벅지 밑단은
움직일 때의 여유를 만듭니다.

여기가 너무 타이트하면
핏은 괜찮아 보여도
생활에서는 불편해집니다.

걷고, 앉고, 움직이는 순간에
차이가 납니다.

#라트로프는
이 숫자들을 나열하기보다
보여질 때와 입고 있는 시간
모두를 고려해 설계합니다.",0,"01/24/2026 00:30",https://www.instagram.com/p/DT4wPWgAevH/,"Instagram 슬라이드",,"전체 기간",1962,6960,31,11,13,0,47
17958342813028571,17841407667602671,llatrof_lab,"LLATROF LAB","바지 하나 만들면서, 왜 이렇게 질문이 많을까요.

옷을 만들 때 보통은
실루엣과 핏을 먼저 정합니다.
문제는 그 실루엣과 핏이
누구를 기준으로 만들어졌는지
아무도 묻지 않는다는 점입니다.

와이드 핏이라도
허벅지가 두꺼운 사람이 입으면
레귤러 핏이 되고

레귤러 핏이라도
마른 사람이 입으면
와이드 핏이 됩니다.

그래서 묻기 시작했습니다.
왜 불편했는지언제 구매를 포기했는지
어디서 가장 아쉬웠는지

이 대화 속에는
숫자로는 알 수 없는
기준들이 있었습니다.
바지를 고르기 시작하는 그 순간부터
옷을 입는 모든 과정에서의 이야기들.

우리는 이 이야기를
단순히 참고로 두지 않았습니다.
옷을 만드는 기준으로 삼았습니다.
그래서 우리의 옷은
입는 사람의 경험에 가깝습니다.

#라트로프의 옷은
혼자 만든 결과물이 아니라
함께 만든 기준입니다.",0,"01/23/2026 00:30",https://www.instagram.com/p/DT2LcpTiHag/,"Instagram 슬라이드",,"전체 기간",3709,3255,13,0,16,0,13
17987823497768094,17841407667602671,llatrof_lab,"LLATROF LAB","금요일인데 미팅도 데이트도 있다면? 

회의가 있거나
외부 미팅이 있는 날이면
자연스럽게 정장을 고르게 됩니다.

하지만 하루를 보내기엔
정장은 생각보다 불편합니다.
앉아 있는 시간이 길어질수록
움직일수록 괜히 신경 쓰이게 됩니다.

문제는 미팅이 끝나도하루가 끝난 건 아니라는 것
퇴근 후에 약속이나 데이트가 있다면
옷을 다시 갈아입기도 애매합니다.

그래서 치노팬츠를 이야기하고 싶습니다.
회의와 일상 사이에서
단정하면서도 편안한 바지

#라트로프의 치노팬츠는
보여지는 핏도 놓치지 않으면서
오래 입어도 불편하지 않습니다.
회의실에서부터 퇴근 후 데이트까지
자연스럽게 이어지도록

#데이트룩 #슈트 #치노팬츠 #금요일 #패션",0,"01/22/2026 00:30",https://www.instagram.com/p/DTzmpQPESsr/,"Instagram 슬라이드",,"전체 기간",2652,2017,15,0,13,0,22
18048752759703385,17841407667602671,llatrof_lab,"LLATROF LAB","왜, 굳이 바지를 만들기 시작하셨나요?

왜, 굳이 바지를 만들기 시작하셨나요?
이 질문을 정말 많이 받았습니다.
세상에는 이미 많은 바지가 있으니까요.

하지만 입을 수 있는 바지와
입고 싶은 바지는 늘 같지 않았습니다.

그래서 우리는 멋진 옷이란
유행을 따르는 것이 아닌
나에게 잘 맞는 옷이라고 생각했습니다.

많은 옷들이 정해진 평균을 기준으로
만들어집니다.
그 기준에서 벗어나는 순간
선택지는 급격히 줄어듭니다.

그래서 라트로프는
사이즈를 키우는 것이 아닌
기준을 다시 세웠습니다.
문제를 가리는 것이 아닌
문제에서 출발하는 옷을 만들기 위해서

#라트로프는
타협하지 않아도 되는 선택을
당연하게 만드는 브랜드입니다.",0,"01/21/2026 00:30",https://www.instagram.com/p/DTxB202iMoB/,"Instagram 슬라이드",,"전체 기간",2291,3566,12,1,10,0,10
18087884293844645,17841407667602671,llatrof_lab,"LLATROF LAB","키 큰 사람 바지는 왜 ‘처음부터 다르게' 
만들어야 할까?

기장이 짧아서 불편했던 건 아닙니다.
대부분의 바지는 평균 체형을 기준으로
만들어졌기 때문입니다.

키 큰 사람의 바지는 한 컷의 핏이 아닌
하루의 핏을 견뎌야 합니다.
순간은 괜찮아 보여도
생활 속에서는 불편함이 쌓입니다.

그래서 수선을 선택합니다.
하지만 수선은 이미 완성된 옷을
억지로 맞추는 방식입니다.
수선은 실루엣이 달라지고
착용감이 바뀝니다.

키 큰 사람에게 필요한 건
고친 옷이 아니라
처음부터 그 체형을 기준으로
만든 옷입니다.

기장만이 아니라
인심, 밑위, 움직임까지 고려된 기준

그래서 우리는 키 큰 사람을 위해
처음부터 다시 설계했습니다.

고쳐 입지 않아도 되는 옷
#라트로프",0,"01/21/2026 00:00",https://www.instagram.com/p/DTw-c2aDVo_/,"Instagram 슬라이드",,"전체 기간",34443,51746,79,55,113,0,79
18215273695313982,17841407667602671,llatrof_lab,"LLATROF LAB","옷 입고 나서 왜 자꾸 이 행동을 하게 될까요?

앉을 때 바지를 한 번 만지고
일어날 때 괜히 한 번 더 내리게 됩니다.

의식해서가 아니라 
자연스럽게 하게 되는 행동입니다.
앉으면 올라가고, 일어나면 내려야 하는
이미 몸이 기억하는 행동입니다.

허벅지가 타이트하고 
기장이 말려 올라가
움직일수록 신경 쓰였던 
경험이 쌓인 결과입니다.

라트로프는 이 ‘손이 가는 순간'을 생각합니다.
앉고, 일어나고, 움직여도 
괜히 만지지 않아도 되는 옷

그게 우리가 만들고 싶은 옷입니다.

#라트로프",0,"01/16/2026 00:30",https://www.instagram.com/p/DTkJ4iACBhW/,"Instagram 슬라이드",,"전체 기간",1123,7292,9,1,4,0,11
17852375376614629,17841407667602671,llatrof_lab,"LLATROF LAB","아직도 옷 고를 때 기장만 보고 고르시나요?

매번 옷 고를 때 기장부터 보시나요?
하지만 그건 절반만 맞는 기준입니다.

키가 크다면 기장과 함께 
밑위를 확인해야 합니다.
밑위가 맞지 않으면 기장이 길어도
움직일수록 어색하고 불편합니다.

밑위가 너무 짧으면
바지를 과하게 골반에 걸쳐 입게 되고
중요 부분이 부각될 수 있습니다.

밑위가 너무 길면
바지를 너무 올려 입게 되거나
다리가 짧아 보일 수 있습니다.

이 기준을 알면 다른 옷이 
왜 어색했는지도 설명됩니다.
#라트로프는 이 기준에서 시작합니다.",0,"01/15/2026 00:30",https://www.instagram.com/p/DThlFJaDxVR/,"Instagram 슬라이드",,"전체 기간",2355,2741,17,2,3,0,14
17906826432167114,17841407667602671,llatrof_lab,"LLATROF LAB","“핏 좋아요""라는 리뷰 
키 큰 사람에게는 믿기 어렵다고 느낀 적 있으시죠?

리뷰에 키도 체형 정보도 잘 없고
“핏 좋아요"", “예뻐요""라는 
말만 남아 있습니다.

근데 이 옷을 입었을 때
그 핏을 ‘내가’ 낼 수 있는지는 
의문입니다.

그래서 키 큰 사람들은
리뷰와 사이즈를 모두 확인해도
결국은 운에 맡긴 선택을 합니다.

그래서 라트로프는 옷 선택을 
‘운’의 문제로 남기지 않습니다.

불편했던 이유를 묻고
포기했던 순간을 기록해
180cm든 190cm든 70kg이든 90kg이든
모두가 납득할 수 있는 지점을
옷의 기준으로 남깁니다.

#라트로프",0,"01/14/2026 00:30",https://www.instagram.com/p/DTfASUOjH7q/,"Instagram 슬라이드",,"전체 기간",1501,5720,8,3,12,0,6
17988041204765606,17841407667602671,llatrof_lab,"LLATROF LAB","기장만 길면 키 큰 옷일까요?

처음 입었을 땐 괜찮아 보입니다.
문제는 걷고, 앉고, 움직일 때 시작됩니다.

기장만 늘린 옷은 더 짧아 보이고 
움직일수록 핏과 실루엣이 흐트러집니다.

키 큰 사람에게 중요한 건
길이가 아니라 
비율과 움직임입니다.

#라트로프는 단순히 
기장만 늘리지 않았습니다.
키 큰 사람에게 맞는 기준부터 
다시 만들었습니다.

어떤 순간이든 자연스럽게",0,"01/13/2026 00:30",https://www.instagram.com/p/DTcbfP-jU27/,"Instagram 슬라이드",,"전체 기간",2809,5140,11,3,20,0,16
